行政區,類型,學校,2歲,3歲,4歲,5歲,3-5歲,簡章下載,電話
七股區,公幼,三股國小附設幼兒園,,,,,,https://kid.tn.edu.tw/KidsAll/PDF/%E4%B8%89%E8%82%A1%E5%9C%8B%E5%B0%8F%E9%99%84%E8%A8%AD%E5%B9%BC%E5%85%92%E5%9C%92114%E5%AD%B8%E5%B9%B4%E5%BA%A6%E6%8B%9B%E7%94%9F%E7%B0%A1%E7%AB%A0.pdf,06-7880744#20,
七股區,公幼,竹橋國小附設幼兒園,,,,,,https://kid.tn.edu.tw/KidsAll/PDF/%E7%AB%B9%E6%A9%8B%E5%9C%8B%E5%B0%8F%E9%99%84%E8%A8%AD%E5%B9%BC%E5%85%92%E5%9C%92114%E5%AD%B8%E5%B9%B4%E5%BA%A6%E6%8B%9B%E7%94%9F%E7%B0%A1%E7%AB%A0.pdf,06-7891041#13,
七股區,公幼,後港國小附設幼兒園,,,,,,https://kid.tn.edu.tw/KidsAll/PDF/%E5%BE%8C%E6%B8%AF%E5%9C%8B%E5%B0%8F%E9%99%84%E8%A8%AD%E5%B9%BC%E5%85%92%E5%9C%92114%E5%AD%B8%E5%B9%B4%E5%BA%A6%E6%8B%9B%E7%94%9F%E7%B0%A1%E7%AB%A0.pdf,06-7941305#29,
七股區,公幼,篤加國小附設幼兒園,,,,,,https://kid.tn.edu.tw/KidsAll/PDF/%E7%AF%A4%E5%8A%A0%E5%9C%8B%E5%B0%8F%E9%99%84%E8%A8%AD%E5%B9%BC%E5%85%92%E5%9C%92114%E5%AD%B8%E5%B9%B4%E5%BA%A6%E6%8B%9B%E7%94%9F%E7%B0%A1%E7%AB%A0.pdf,06-7872536#31,
七股區,公幼,七股國小附設幼兒園,,,,,,https://kid.tn.edu.tw/KidsAll/PDF/%E4%B8%83%E8%82%A1%E5%9C%8B%E5%B0%8F%E9%99%84%E8%A8%AD%E5%B9%BC%E5%85%92%E5%9C%92114%E5%AD%B8%E5%B9%B4%E5%BA%A6%E6%8B%9B%E7%94%9F%E7%B0%A1%E7%AB%A0.pdf,06-7872076#290,
七股區,非營利,七農非營利幼兒園,,,,,,https://kid.tn.edu.tw/KidsAll/PDF/%E4%B8%83%E8%BE%B2%E9%9D%9E%E7%87%9F%E5%88%A9%E5%B9%BC%E5%85%92%E5%9C%92114%E5%AD%B8%E5%B9%B4%E5%BA%A6%E6%8B%9B%E7%94%9F%E7%B0%A1%E7%AB%A0.pdf,06-7875320,
下營區,公幼,下營國小附設幼兒園,,,,,,https://kid.tn.edu.tw/KidsAll/PDF/%E4%B8%8B%E7%87%9F%E5%9C%8B%E5%B0%8F%E9%99%84%E8%A8%AD%E5%B9%BC%E5%85%92%E5%9C%92114%E5%AD%B8%E5%B9%B4%E5%BA%A6%E6%8B%9B%E7%94%9F%E7%B0%A1%E7%AB%A0.pdf,06-6892181#312,
下營區,公幼,中營國小附設幼兒園,,,,,,https://kid.tn.edu.tw/KidsAll/PDF/%E4%B8%AD%E7%87%9F%E5%9C%8B%E5%B0%8F%E9%99%84%E8%A8%AD%E5%B9%BC%E5%85%92%E5%9C%92114%E5%AD%B8%E5%B9%B4%E5%BA%A6%E6%8B%9B%E7%94%9F%E7%B0%A1%E7%AB%A0.pdf,06-6892600,
下營區,公幼,東興國小附設幼兒園,,,,,,https://kid.tn.edu.tw/KidsAll/PDF/%E6%9D%B1%E8%88%88%E5%9C%8B%E5%B0%8F%E9%99%84%E8%A8%AD%E5%B9%BC%E5%85%92%E5%9C%92114%E5%AD%B8%E5%B9%B4%E5%BA%A6%E6%8B%9B%E7%94%9F%E7%B0%A1%E7%AB%A0.pdf,06-6892478#914,
下營區,公幼,賀建國小附設幼兒園,,,,,,https://kid.tn.edu.tw/KidsAll/PDF/%E8%B3%80%E5%BB%BA%E5%9C%8B%E5%B0%8F%E9%99%84%E8%A8%AD%E5%B9%BC%E5%85%92%E5%9C%92114%E5%AD%B8%E5%B9%B4%E5%BA%A6%E6%8B%9B%E7%94%9F%E7%B0%A1%E7%AB%A0.pdf,06-6891109#20,
下營區,準公共,小圓圓幼兒園,32,8,0,0,,https://kid.tn.edu.tw/KidsAll/PDF/%E5%B0%8F%E5%9C%93%E5%9C%93%E5%B9%BC%E5%85%92%E5%9C%92114%E5%AD%B8%E5%B9%B4%E5%BA%A6%E6%8B%9B%E7%94%9F%E7%B0%A1%E7%AB%A0.pdf,06-6893112,
大內區,公幼,大內國小附設幼兒園,,,,,,https://kid.tn.edu.tw/KidsAll/PDF/%E5%A4%A7%E5%85%A7%E5%9C%8B%E5%B0%8F%E9%99%84%E8%A8%AD%E5%B9%BC%E5%85%92%E5%9C%92114%E5%AD%B8%E5%B9%B4%E5%BA%A6%E6%8B%9B%E7%94%9F%E7%B0%A1%E7%AB%A0.pdf,06-5761007#8181,
大內區,公幼,二溪國小附設幼兒園,,,,,,https://kid.tn.edu.tw/KidsAll/PDF/%E4%BA%8C%E6%BA%AA%E5%9C%8B%E5%B0%8F%E9%99%84%E8%A8%AD%E5%B9%BC%E5%85%92%E5%9C%92114%E5%AD%B8%E5%B9%B4%E5%BA%A6%E6%8B%9B%E7%94%9F%E7%B0%A1%E7%AB%A0.pdf,06-5762001#210,
山上區,公幼,山上國小附設幼兒園,,,,,,https://kid.tn.edu.tw/KidsAll/PDF/%E5%B1%B1%E4%B8%8A%E5%9C%8B%E5%B0%8F%E9%99%84%E8%A8%AD%E5%B9%BC%E5%85%92%E5%9C%92114%E5%AD%B8%E5%B9%B4%E5%BA%A6%E6%8B%9B%E7%94%9F%E7%B0%A1%E7%AB%A0.pdf,06-5781203#821,
中西區,公幼,臺南市立第一幼兒園,,,,,,https://kid.tn.edu.tw/KidsAll/PDF/%E8%87%BA%E5%8D%97%E5%B8%82%E7%AB%8B%E7%AC%AC%E4%B8%80%E5%B9%BC%E5%85%92%E5%9C%92114%E5%AD%B8%E5%B9%B4%E5%BA%A6%E6%8B%9B%E7%94%9F%E7%B0%A1%E7%AB%A0.pdf,06-2135779,
中西區,公幼,成功國小附設幼兒園,,,,,,https://kid.tn.edu.tw/KidsAll/PDF/%E6%88%90%E5%8A%9F%E5%9C%8B%E5%B0%8F%E9%99%84%E8%A8%AD%E5%B9%BC%E5%85%92%E5%9C%92114%E5%AD%B8%E5%B9%B4%E5%BA%A6%E6%8B%9B%E7%94%9F%E7%B0%A1%E7%AB%A0.pdf,06-3588635#712,
中西區,公幼,忠義國小附設幼兒園,,,,,,https://kid.tn.edu.tw/KidsAll/PDF/%E5%BF%A0%E7%BE%A9%E5%9C%8B%E5%B0%8F%E9%99%84%E8%A8%AD%E5%B9%BC%E5%85%92%E5%9C%92114%E5%AD%B8%E5%B9%B4%E5%BA%A6%E6%8B%9B%E7%94%9F%E7%B0%A1%E7%AB%A0.pdf,06-2293987#804,
中西區,公幼,進學國小附設幼兒園,,,,,,https://kid.tn.edu.tw/KidsAll/PDF/%E9%80%B2%E5%AD%B8%E5%9C%8B%E5%B0%8F%E9%99%84%E8%A8%AD%E5%B9%BC%E5%85%92%E5%9C%92114%E5%AD%B8%E5%B9%B4%E5%BA%A6%E6%8B%9B%E7%94%9F%E7%B0%A1%E7%AB%A0.pdf,06-2130643,
中西區,公幼,協進國小附設幼兒園,,,,,,https://kid.tn.edu.tw/KidsAll/PDF/%E5%8D%94%E9%80%B2%E5%9C%8B%E5%B0%8F%E9%99%84%E8%A8%AD%E5%B9%BC%E5%85%92%E5%9C%92114%E5%AD%B8%E5%B9%B4%E5%BA%A6%E6%8B%9B%E7%94%9F%E7%B0%A1%E7%AB%A0.pdf,06-2202173#10,
中西區,公幼,中山國中附設幼兒園,,,,,,https://kid.tn.edu.tw/KidsAll/PDF/%E4%B8%AD%E5%B1%B1%E5%9C%8B%E4%B8%AD%E9%99%84%E8%A8%AD%E5%B9%BC%E5%85%92%E5%9C%92114%E5%AD%B8%E5%B9%B4%E5%BA%A6%E6%8B%9B%E7%94%9F%E7%B0%A1%E7%AB%A0.pdf,06-2134792#146,
中西區,準公共,衛理幼兒園,22,13,2,0,,https://kid.tn.edu.tw/KidsAll/PDF/%E8%A1%9B%E7%90%86%E5%B9%BC%E5%85%92%E5%9C%92114%E5%AD%B8%E5%B9%B4%E5%BA%A6%E6%8B%9B%E7%94%9F%E7%B0%A1%E7%AB%A0.pdf,06-2141722,
中西區,準公共,佳恩幼兒園,29,8,6,0,,https://kid.tn.edu.tw/KidsAll/PDF/%E4%BD%B3%E6%81%A9%E5%B9%BC%E5%85%92%E5%9C%92114%E5%AD%B8%E5%B9%B4%E5%BA%A6%E6%8B%9B%E7%94%9F%E7%B0%A1%E7%AB%A0.pdf,06-2952628,
中西區,準公共,武聖幼兒園,16,9,6,1,,https://kid.tn.edu.tw/KidsAll/PDF/%E6%AD%A6%E8%81%96%E5%B9%BC%E5%85%92%E5%9C%92114%E5%AD%B8%E5%B9%B4%E5%BA%A6%E6%8B%9B%E7%94%9F%E7%B0%A1%E7%AB%A0.pdf,06-2593083,
中西區,準公共,新大華幼兒園,5,9,0,0,,https://kid.tn.edu.tw/KidsAll/PDF/%E6%96%B0%E5%A4%A7%E8%8F%AF%E5%B9%BC%E5%85%92%E5%9C%92114%E5%AD%B8%E5%B9%B4%E5%BA%A6%E6%8B%9B%E7%94%9F%E7%B0%A1%E7%AB%A0.pdf,06-2145176,
中西區,準公共,愛迪生資優幼兒園,31,17,5,1,,https://kid.tn.edu.tw/KidsAll/PDF/%E6%84%9B%E8%BF%AA%E7%94%9F%E8%B3%87%E5%84%AA%E5%B9%BC%E5%85%92%E5%9C%92114%E5%AD%B8%E5%B9%B4%E5%BA%A6%E6%8B%9B%E7%94%9F%E7%B0%A1%E7%AB%A0.pdf,06-3584200,
仁德區,公幼,德南國小附設幼兒園,,,,,,https://kid.tn.edu.tw/KidsAll/PDF/%E5%BE%B7%E5%8D%97%E5%9C%8B%E5%B0%8F%E9%99%84%E8%A8%AD%E5%B9%BC%E5%85%92%E5%9C%92114%E5%AD%B8%E5%B9%B4%E5%BA%A6%E6%8B%9B%E7%94%9F%E7%B0%A1%E7%AB%A0.pdf,06-2794772#851,
仁德區,公幼,依仁國小附設幼兒園,,,,,,https://kid.tn.edu.tw/KidsAll/PDF/%E4%BE%9D%E4%BB%81%E5%9C%8B%E5%B0%8F%E9%99%84%E8%A8%AD%E5%B9%BC%E5%85%92%E5%9C%92114%E5%AD%B8%E5%B9%B4%E5%BA%A6%E6%8B%9B%E7%94%9F%E7%B0%A1%E7%AB%A0.pdf,06-2662108#701,
仁德區,公幼,大甲國小附設幼兒園,,,,,,https://kid.tn.edu.tw/KidsAll/PDF/%E5%A4%A7%E7%94%B2%E5%9C%8B%E5%B0%8F%E9%99%84%E8%A8%AD%E5%B9%BC%E5%85%92%E5%9C%92114%E5%AD%B8%E5%B9%B4%E5%BA%A6%E6%8B%9B%E7%94%9F%E7%B0%A1%E7%AB%A0.pdf,06-2662492#201,
仁德區,公幼,臺南市立仁德幼兒園,,,,,,https://kid.tn.edu.tw/KidsAll/PDF/%E8%87%BA%E5%8D%97%E5%B8%82%E7%AB%8B%E4%BB%81%E5%BE%B7%E5%B9%BC%E5%85%92%E5%9C%92114%E5%AD%B8%E5%B9%B4%E5%BA%A6%E6%8B%9B%E7%94%9F%E7%B0%A1%E7%AB%A0.pdf,06-2796114#29,
仁德區,公幼,仁和國小附設幼兒園,,,,,,https://kid.tn.edu.tw/KidsAll/PDF/%E4%BB%81%E5%92%8C%E5%9C%8B%E5%B0%8F%E9%99%84%E8%A8%AD%E5%B9%BC%E5%85%92%E5%9C%92114%E5%AD%B8%E5%B9%B4%E5%BA%A6%E6%8B%9B%E7%94%9F%E7%B0%A1%E7%AB%A0.pdf,06-2681927#602,
仁德區,公幼,長興國小附設幼兒園,,,,,,https://kid.tn.edu.tw/KidsAll/PDF/%E9%95%B7%E8%88%88%E5%9C%8B%E5%B0%8F%E9%99%84%E8%A8%AD%E5%B9%BC%E5%85%92%E5%9C%92114%E5%AD%B8%E5%B9%B4%E5%BA%A6%E6%8B%9B%E7%94%9F%E7%B0%A1%E7%AB%A0.pdf,06-2723986#511,
仁德區,公幼,文賢國小附設幼兒園,,,,,,https://kid.tn.edu.tw/KidsAll/PDF/%E6%96%87%E8%B3%A2%E5%9C%8B%E5%B0%8F%E9%99%84%E8%A8%AD%E5%B9%BC%E5%85%92%E5%9C%92114%E5%AD%B8%E5%B9%B4%E5%BA%A6%E6%8B%9B%E7%94%9F%E7%B0%A1%E7%AB%A0.pdf,06-2661260#232,
仁德區,準公共,明日之星幼兒園,22,4,3,4,,https://kid.tn.edu.tw/KidsAll/PDF/%E6%98%8E%E6%97%A5%E4%B9%8B%E6%98%9F%E5%B9%BC%E5%85%92%E5%9C%92114%E5%AD%B8%E5%B9%B4%E5%BA%A6%E6%8B%9B%E7%94%9F%E7%B0%A1%E7%AB%A0.pdf,06-2796855,
仁德區,準公共,初日幼兒園,48,1,0,0,,https://kid.tn.edu.tw/KidsAll/PDF/%E5%88%9D%E6%97%A5%E5%B9%BC%E5%85%92%E5%9C%92114%E5%AD%B8%E5%B9%B4%E5%BA%A6%E6%8B%9B%E7%94%9F%E7%B0%A1%E7%AB%A0.pdf,06-2666743,
仁德區,準公共,仁義幼兒園,13,6,1,0,,https://kid.tn.edu.tw/KidsAll/PDF/%E4%BB%81%E7%BE%A9%E5%B9%BC%E5%85%92%E5%9C%92114%E5%AD%B8%E5%B9%B4%E5%BA%A6%E6%8B%9B%E7%94%9F%E7%B0%A1%E7%AB%A0.pdf,06-2794392,
仁德區,準公共,聖母幼兒園,27,28,13,9,,https://kid.tn.edu.tw/KidsAll/PDF/%E8%81%96%E6%AF%8D%E5%B9%BC%E5%85%92%E5%9C%92114%E5%AD%B8%E5%B9%B4%E5%BA%A6%E6%8B%9B%E7%94%9F%E7%B0%A1%E7%AB%A0.pdf,06-2715103,
仁德區,準公共,大宗幼兒園,12,12,4,1,,https://kid.tn.edu.tw/KidsAll/PDF/%E5%A4%A7%E5%AE%97%E5%B9%BC%E5%85%92%E5%9C%92114%E5%AD%B8%E5%B9%B4%E5%BA%A6%E6%8B%9B%E7%94%9F%E7%B0%A1%E7%AB%A0.pdf,06-2704029,
仁德區,準公共,鴻仁幼兒園,12,7,16,8,,https://kid.tn.edu.tw/KidsAll/PDF/%E9%B4%BB%E4%BB%81%E5%B9%BC%E5%85%92%E5%9C%92114%E5%AD%B8%E5%B9%B4%E5%BA%A6%E6%8B%9B%E7%94%9F%E7%B0%A1%E7%AB%A0.pdf,06-2723511,
仁德區,準公共,仁德聖兒幼兒園,24,7,1,0,,https://kid.tn.edu.tw/KidsAll/PDF/%E4%BB%81%E5%BE%B7%E8%81%96%E5%85%92%E5%B9%BC%E5%85%92%E5%9C%92114%E5%AD%B8%E5%B9%B4%E5%BA%A6%E6%8B%9B%E7%94%9F%E7%B0%A1%E7%AB%A0.pdf,06-2667832,
仁德區,準公共,熊寶寶幼兒園,6,9,9,0,,https://kid.tn.edu.tw/KidsAll/PDF/%E7%86%8A%E5%AF%B6%E5%AF%B6%E5%B9%BC%E5%85%92%E5%9C%92114%E5%AD%B8%E5%B9%B4%E5%BA%A6%E6%8B%9B%E7%94%9F%E7%B0%A1%E7%AB%A0.pdf,06-2901357,
仁德區,準公共,洧昇幼兒園,11,9,16,16,,https://kid.tn.edu.tw/KidsAll/PDF/%E6%B4%A7%E6%98%87%E5%B9%BC%E5%85%92%E5%9C%92114%E5%AD%B8%E5%B9%B4%E5%BA%A6%E6%8B%9B%E7%94%9F%E7%B0%A1%E7%AB%A0.pdf,06-2706355,
六甲區,公幼,六甲國小附設幼兒園,,,,,,https://kid.tn.edu.tw/KidsAll/PDF/%E5%85%AD%E7%94%B2%E5%9C%8B%E5%B0%8F%E9%99%84%E8%A8%AD%E5%B9%BC%E5%85%92%E5%9C%92114%E5%AD%B8%E5%B9%B4%E5%BA%A6%E6%8B%9B%E7%94%9F%E7%B0%A1%E7%AB%A0.pdf,06-6982041#208,
六甲區,公幼,林鳳國小附設幼兒園,,,,,,https://kid.tn.edu.tw/KidsAll/PDF/%E6%9E%97%E9%B3%B3%E5%9C%8B%E5%B0%8F%E9%99%84%E8%A8%AD%E5%B9%BC%E5%85%92%E5%9C%92114%E5%AD%B8%E5%B9%B4%E5%BA%A6%E6%8B%9B%E7%94%9F%E7%B0%A1%E7%AB%A0.pdf,06-6983583#117,
六甲區,公幼,嘉南國小附設幼兒園,,,,,,https://kid.tn.edu.tw/KidsAll/PDF/%E5%98%89%E5%8D%97%E5%9C%8B%E5%B0%8F%E9%99%84%E8%A8%AD%E5%B9%BC%E5%85%92%E5%9C%92114%E5%AD%B8%E5%B9%B4%E5%BA%A6%E6%8B%9B%E7%94%9F%E7%B0%A1%E7%AB%A0.pdf,06-6982491#101,
六甲區,準公共,佑幼幼兒園,15,10,3,6,,https://kid.tn.edu.tw/KidsAll/PDF/%E4%BD%91%E5%B9%BC%E5%B9%BC%E5%85%92%E5%9C%92114%E5%AD%B8%E5%B9%B4%E5%BA%A6%E6%8B%9B%E7%94%9F%E7%B0%A1%E7%AB%A0.pdf,06-6989651,
六甲區,準公共,哈比斯特幼兒園,7,11,8,1,,https://kid.tn.edu.tw/KidsAll/PDF/%E5%93%88%E6%AF%94%E6%96%AF%E7%89%B9%E5%B9%BC%E5%85%92%E5%9C%92114%E5%AD%B8%E5%B9%B4%E5%BA%A6%E6%8B%9B%E7%94%9F%E7%B0%A1%E7%AB%A0.pdf,06-6984678,
六甲區,準公共,安心幼兒園,25,1,10,9,,https://kid.tn.edu.tw/KidsAll/PDF/%E5%AE%89%E5%BF%83%E5%B9%BC%E5%85%92%E5%9C%92114%E5%AD%B8%E5%B9%B4%E5%BA%A6%E6%8B%9B%E7%94%9F%E7%B0%A1%E7%AB%A0.pdf,06-6994517,
北門區,公幼,雙春國小附設幼兒園,,,,,,https://kid.tn.edu.tw/KidsAll/PDF/%E9%9B%99%E6%98%A5%E5%9C%8B%E5%B0%8F%E9%99%84%E8%A8%AD%E5%B9%BC%E5%85%92%E5%9C%92114%E5%AD%B8%E5%B9%B4%E5%BA%A6%E6%8B%9B%E7%94%9F%E7%B0%A1%E7%AB%A0.pdf,06-7863141#20,
北門區,公幼,北門國小附設幼兒園,,,,,,https://kid.tn.edu.tw/KidsAll/PDF/%E5%8C%97%E9%96%80%E5%9C%8B%E5%B0%8F%E9%99%84%E8%A8%AD%E5%B9%BC%E5%85%92%E5%9C%92114%E5%AD%B8%E5%B9%B4%E5%BA%A6%E6%8B%9B%E7%94%9F%E7%B0%A1%E7%AB%A0.pdf,06-7862035#10,
北門區,公幼,蚵寮國小附設幼兒園,,,,,,https://kid.tn.edu.tw/KidsAll/PDF/%E8%9A%B5%E5%AF%AE%E5%9C%8B%E5%B0%8F%E9%99%84%E8%A8%AD%E5%B9%BC%E5%85%92%E5%9C%92114%E5%AD%B8%E5%B9%B4%E5%BA%A6%E6%8B%9B%E7%94%9F%E7%B0%A1%E7%AB%A0.pdf,06-7863250#17,
北門區,公幼,錦湖國小附設幼兒園,,,,,,https://kid.tn.edu.tw/KidsAll/PDF/%E9%8C%A6%E6%B9%96%E5%9C%8B%E5%B0%8F%E9%99%84%E8%A8%AD%E5%B9%BC%E5%85%92%E5%9C%92114%E5%AD%B8%E5%B9%B4%E5%BA%A6%E6%8B%9B%E7%94%9F%E7%B0%A1%E7%AB%A0.pdf,06-7863454#26,
北門區,準公共,北門區農會附設幼兒園,16,11,8,0,,https://kid.tn.edu.tw/KidsAll/PDF/%E5%8C%97%E9%96%80%E5%8D%80%E8%BE%B2%E6%9C%83%E9%99%84%E8%A8%AD%E5%B9%BC%E5%85%92%E5%9C%92114%E5%AD%B8%E5%B9%B4%E5%BA%A6%E6%8B%9B%E7%94%9F%E7%B0%A1%E7%AB%A0.pdf,06-7860472,
北區,公幼,臺南市立小康幼兒園,,,,,,https://kid.tn.edu.tw/KidsAll/PDF/%E8%87%BA%E5%8D%97%E5%B8%82%E7%AB%8B%E5%B0%8F%E5%BA%B7%E5%B9%BC%E5%85%92%E5%9C%92114%E5%AD%B8%E5%B9%B4%E5%BA%A6%E6%8B%9B%E7%94%9F%E7%B0%A1%E7%AB%A0.pdf,06-2815947,
北區,公幼,立人國小附設幼兒園,,,,,,https://kid.tn.edu.tw/KidsAll/PDF/%E7%AB%8B%E4%BA%BA%E5%9C%8B%E5%B0%8F%E9%99%84%E8%A8%AD%E5%B9%BC%E5%85%92%E5%9C%92114%E5%AD%B8%E5%B9%B4%E5%BA%A6%E6%8B%9B%E7%94%9F%E7%B0%A1%E7%AB%A0.pdf,06-2286683#101,
北區,公幼,開元國小附設幼兒園,,,,,,https://kid.tn.edu.tw/KidsAll/PDF/%E9%96%8B%E5%85%83%E5%9C%8B%E5%B0%8F%E9%99%84%E8%A8%AD%E5%B9%BC%E5%85%92%E5%9C%92114%E5%AD%B8%E5%B9%B4%E5%BA%A6%E6%8B%9B%E7%94%9F%E7%B0%A1%E7%AB%A0.pdf,06-2375509#801,
北區,公幼,大光國小附設幼兒園,,,,,,https://kid.tn.edu.tw/KidsAll/PDF/%E5%A4%A7%E5%85%89%E5%9C%8B%E5%B0%8F%E9%99%84%E8%A8%AD%E5%B9%BC%E5%85%92%E5%9C%92114%E5%AD%B8%E5%B9%B4%E5%BA%A6%E6%8B%9B%E7%94%9F%E7%B0%A1%E7%AB%A0.pdf,06-2518465#122,
北區,公幼,公園國小附設幼兒園,,,,,,https://kid.tn.edu.tw/KidsAll/PDF/%E5%85%AC%E5%9C%92%E5%9C%8B%E5%B0%8F%E9%99%84%E8%A8%AD%E5%B9%BC%E5%85%92%E5%9C%92114%E5%AD%B8%E5%B9%B4%E5%BA%A6%E6%8B%9B%E7%94%9F%E7%B0%A1%E7%AB%A0.pdf,06-2223291#780,
北區,公幼,文元國小附設幼兒園,,,,,,https://kid.tn.edu.tw/KidsAll/PDF/%E6%96%87%E5%85%83%E5%9C%8B%E5%B0%8F%E9%99%84%E8%A8%AD%E5%B9%BC%E5%85%92%E5%9C%92114%E5%AD%B8%E5%B9%B4%E5%BA%A6%E6%8B%9B%E7%94%9F%E7%B0%A1%E7%AB%A0.pdf,06-3586942#808,
北區,公幼,大港國小附設幼兒園,,,,,,https://kid.tn.edu.tw/KidsAll/PDF/%E5%A4%A7%E6%B8%AF%E5%9C%8B%E5%B0%8F%E9%99%84%E8%A8%AD%E5%B9%BC%E5%85%92%E5%9C%92114%E5%AD%B8%E5%B9%B4%E5%BA%A6%E6%8B%9B%E7%94%9F%E7%B0%A1%E7%AB%A0.pdf,06-2505489,
北區,公幼,賢北國小附設幼兒園,,,,,,https://kid.tn.edu.tw/KidsAll/PDF/%E8%B3%A2%E5%8C%97%E5%9C%8B%E5%B0%8F%E9%99%84%E8%A8%AD%E5%B9%BC%E5%85%92%E5%9C%92114%E5%AD%B8%E5%B9%B4%E5%BA%A6%E6%8B%9B%E7%94%9F%E7%B0%A1%E7%AB%A0.pdf,06-3501433#700,
北區,準公共,開元幼兒園,14,18,10,8,,https://kid.tn.edu.tw/KidsAll/PDF/%E9%96%8B%E5%85%83%E5%B9%BC%E5%85%92%E5%9C%92114%E5%AD%B8%E5%B9%B4%E5%BA%A6%E6%8B%9B%E7%94%9F%E7%B0%A1%E7%AB%A0.pdf,06-2376804,
北區,準公共,正覺幼兒園,58,16,24,10,,https://kid.tn.edu.tw/KidsAll/PDF/%E6%AD%A3%E8%A6%BA%E5%B9%BC%E5%85%92%E5%9C%92114%E5%AD%B8%E5%B9%B4%E5%BA%A6%E6%8B%9B%E7%94%9F%E7%B0%A1%E7%AB%A0.pdf,06-2517032,
北區,準公共,而勇幼兒園,20,36,10,3,,https://kid.tn.edu.tw/KidsAll/PDF/%E8%80%8C%E5%8B%87%E5%B9%BC%E5%85%92%E5%9C%92114%E5%AD%B8%E5%B9%B4%E5%BA%A6%E6%8B%9B%E7%94%9F%E7%B0%A1%E7%AB%A0.pdf,06-3504923,
北區,準公共,皇佳幼兒園,70,32,21,12,,https://kid.tn.edu.tw/KidsAll/PDF/%E7%9A%87%E4%BD%B3%E5%B9%BC%E5%85%92%E5%9C%92114%E5%AD%B8%E5%B9%B4%E5%BA%A6%E6%8B%9B%E7%94%9F%E7%B0%A1%E7%AB%A0.pdf,06-2591111,
北區,準公共,柏欣幼兒園,64,38,12,1,,https://kid.tn.edu.tw/KidsAll/PDF/%E6%9F%8F%E6%AC%A3%E5%B9%BC%E5%85%92%E5%9C%92114%E5%AD%B8%E5%B9%B4%E5%BA%A6%E6%8B%9B%E7%94%9F%E7%B0%A1%E7%AB%A0.pdf,06-3584023,
北區,準公共,樂兒學幼兒園,16,5,3,1,,https://kid.tn.edu.tw/KidsAll/PDF/%E6%A8%82%E5%85%92%E5%AD%B8%E5%B9%BC%E5%85%92%E5%9C%92114%E5%AD%B8%E5%B9%B4%E5%BA%A6%E6%8B%9B%E7%94%9F%E7%B0%A1%E7%AB%A0.pdf,06-2522045,
北區,準公共,崑山高中附設臺南市國際幼兒園,64,8,0,1,,https://kid.tn.edu.tw/KidsAll/PDF/%E5%B4%91%E5%B1%B1%E9%AB%98%E4%B8%AD%E9%99%84%E8%A8%AD%E8%87%BA%E5%8D%97%E5%B8%82%E5%9C%8B%E9%9A%9B%E5%B9%BC%E5%85%92%E5%9C%92114%E5%AD%B8%E5%B9%B4%E5%BA%A6%E6%8B%9B%E7%94%9F%E7%B0%A1%E7%AB%A0.pdf,06-2383888,
北區,準公共,哈波特幼兒園,74,55,64,19,,https://kid.tn.edu.tw/KidsAll/PDF/%E5%93%88%E6%B3%A2%E7%89%B9%E5%B9%BC%E5%85%92%E5%9C%92114%E5%AD%B8%E5%B9%B4%E5%BA%A6%E6%8B%9B%E7%94%9F%E7%B0%A1%E7%AB%A0.pdf,06-2083810,
北區,準公共,德妮湖美幼兒園,16,0,0,0,,https://kid.tn.edu.tw/KidsAll/PDF/%E5%BE%B7%E5%A6%AE%E6%B9%96%E7%BE%8E%E5%B9%BC%E5%85%92%E5%9C%92114%E5%AD%B8%E5%B9%B4%E5%BA%A6%E6%8B%9B%E7%94%9F%E7%B0%A1%E7%AB%A0.pdf,06-2597796,
北區,準公共,康德爾幼兒園,6,4,4,1,,https://kid.tn.edu.tw/KidsAll/PDF/%E5%BA%B7%E5%BE%B7%E7%88%BE%E5%B9%BC%E5%85%92%E5%9C%92114%E5%AD%B8%E5%B9%B4%E5%BA%A6%E6%8B%9B%E7%94%9F%E7%B0%A1%E7%AB%A0.pdf,06-2235155,
北區,準公共,沛愛幼兒園,6,11,4,0,,https://kid.tn.edu.tw/KidsAll/PDF/%E6%B2%9B%E6%84%9B%E5%B9%BC%E5%85%92%E5%9C%92114%E5%AD%B8%E5%B9%B4%E5%BA%A6%E6%8B%9B%E7%94%9F%E7%B0%A1%E7%AB%A0.pdf,06-2829147,
北區,準公共,群力幼兒園,8,15,8,0,,https://kid.tn.edu.tw/KidsAll/PDF/%E7%BE%A4%E5%8A%9B%E5%B9%BC%E5%85%92%E5%9C%92114%E5%AD%B8%E5%B9%B4%E5%BA%A6%E6%8B%9B%E7%94%9F%E7%B0%A1%E7%AB%A0.pdf,06-2521602,
北區,準公共,葛瑞特幼兒園,20,9,8,0,,https://kid.tn.edu.tw/KidsAll/PDF/%E8%91%9B%E7%91%9E%E7%89%B9%E5%B9%BC%E5%85%92%E5%9C%92114%E5%AD%B8%E5%B9%B4%E5%BA%A6%E6%8B%9B%E7%94%9F%E7%B0%A1%E7%AB%A0.pdf,06-3505618,
北區,準公共,天資幼兒園,39,37,29,14,,https://kid.tn.edu.tw/KidsAll/PDF/%E5%A4%A9%E8%B3%87%E5%B9%BC%E5%85%92%E5%9C%92114%E5%AD%B8%E5%B9%B4%E5%BA%A6%E6%8B%9B%E7%94%9F%E7%B0%A1%E7%AB%A0.pdf,06-2500136,
北區,準公共,向日葵幼兒園,22,37,25,6,,https://kid.tn.edu.tw/KidsAll/PDF/%E5%90%91%E6%97%A5%E8%91%B5%E5%B9%BC%E5%85%92%E5%9C%92114%E5%AD%B8%E5%B9%B4%E5%BA%A6%E6%8B%9B%E7%94%9F%E7%B0%A1%E7%AB%A0.pdf,06-3582623,
左鎮區,公幼,左鎮國小附設幼兒園,,,,,,https://kid.tn.edu.tw/KidsAll/PDF/%E5%B7%A6%E9%8E%AE%E5%9C%8B%E5%B0%8F%E9%99%84%E8%A8%AD%E5%B9%BC%E5%85%92%E5%9C%92114%E5%AD%B8%E5%B9%B4%E5%BA%A6%E6%8B%9B%E7%94%9F%E7%B0%A1%E7%AB%A0.pdf,06-5731019#20,
左鎮區,公幼,光榮實驗小學附設幼兒園,,,,,,https://kid.tn.edu.tw/KidsAll/PDF/%E5%85%89%E6%A6%AE%E5%AF%A6%E9%A9%97%E5%B0%8F%E5%AD%B8%E9%99%84%E8%A8%AD%E5%B9%BC%E5%85%92%E5%9C%92114%E5%AD%B8%E5%B9%B4%E5%BA%A6%E6%8B%9B%E7%94%9F%E7%B0%A1%E7%AB%A0.pdf,06-5731658#207,
永康區,公幼,永康勝利國小附設幼兒園,,,,,,https://kid.tn.edu.tw/KidsAll/PDF/%E6%B0%B8%E5%BA%B7%E5%8B%9D%E5%88%A9%E5%9C%8B%E5%B0%8F%E9%99%84%E8%A8%AD%E5%B9%BC%E5%85%92%E5%9C%92114%E5%AD%B8%E5%B9%B4%E5%BA%A6%E6%8B%9B%E7%94%9F%E7%B0%A1%E7%AB%A0.pdf,06-3130011#853,
永康區,公幼,永康國小附設幼兒園,,,,,,https://kid.tn.edu.tw/KidsAll/PDF/%E6%B0%B8%E5%BA%B7%E5%9C%8B%E5%B0%8F%E9%99%84%E8%A8%AD%E5%B9%BC%E5%85%92%E5%9C%92114%E5%AD%B8%E5%B9%B4%E5%BA%A6%E6%8B%9B%E7%94%9F%E7%B0%A1%E7%AB%A0.pdf,06-2324462#710,
永康區,公幼,大灣國小附設幼兒園,,,,,,https://kid.tn.edu.tw/KidsAll/PDF/%E5%A4%A7%E7%81%A3%E5%9C%8B%E5%B0%8F%E9%99%84%E8%A8%AD%E5%B9%BC%E5%85%92%E5%9C%92114%E5%AD%B8%E5%B9%B4%E5%BA%A6%E6%8B%9B%E7%94%9F%E7%B0%A1%E7%AB%A0.pdf,06-2719024#703,
永康區,公幼,西勢國小附設幼兒園,,,,,,https://kid.tn.edu.tw/KidsAll/PDF/%E8%A5%BF%E5%8B%A2%E5%9C%8B%E5%B0%8F%E9%99%84%E8%A8%AD%E5%B9%BC%E5%85%92%E5%9C%92114%E5%AD%B8%E5%B9%B4%E5%BA%A6%E6%8B%9B%E7%94%9F%E7%B0%A1%E7%AB%A0.pdf,06-2712841#201,
永康區,公幼,永康復興國小附設幼兒園,,,,,,https://kid.tn.edu.tw/KidsAll/PDF/%E6%B0%B8%E5%BA%B7%E5%BE%A9%E8%88%88%E5%9C%8B%E5%B0%8F%E9%99%84%E8%A8%AD%E5%B9%BC%E5%85%92%E5%9C%92114%E5%AD%B8%E5%B9%B4%E5%BA%A6%E6%8B%9B%E7%94%9F%E7%B0%A1%E7%AB%A0.pdf,06-3111569#610,
永康區,公幼,龍潭國小附設幼兒園,,,,,,https://kid.tn.edu.tw/KidsAll/PDF/%E9%BE%8D%E6%BD%AD%E5%9C%8B%E5%B0%8F%E9%99%84%E8%A8%AD%E5%B9%BC%E5%85%92%E5%9C%92114%E5%AD%B8%E5%B9%B4%E5%BA%A6%E6%8B%9B%E7%94%9F%E7%B0%A1%E7%AB%A0.pdf,06-2032014#205,
永康區,公幼,大橋國小附設幼兒園,,,,,,https://kid.tn.edu.tw/KidsAll/PDF/%E5%A4%A7%E6%A9%8B%E5%9C%8B%E5%B0%8F%E9%99%84%E8%A8%AD%E5%B9%BC%E5%85%92%E5%9C%92114%E5%AD%B8%E5%B9%B4%E5%BA%A6%E6%8B%9B%E7%94%9F%E7%B0%A1%E7%AB%A0.pdf,06-2033001#716,
永康區,公幼,崑山國小附設幼兒園,,,,,,https://kid.tn.edu.tw/KidsAll/PDF/%E5%B4%91%E5%B1%B1%E5%9C%8B%E5%B0%8F%E9%99%84%E8%A8%AD%E5%B9%BC%E5%85%92%E5%9C%92114%E5%AD%B8%E5%B9%B4%E5%BA%A6%E6%8B%9B%E7%94%9F%E7%B0%A1%E7%AB%A0.pdf,06-2711640#765,
永康區,公幼,五王國小附設幼兒園,,,,,,https://kid.tn.edu.tw/KidsAll/PDF/%E4%BA%94%E7%8E%8B%E5%9C%8B%E5%B0%8F%E9%99%84%E8%A8%AD%E5%B9%BC%E5%85%92%E5%9C%92114%E5%AD%B8%E5%B9%B4%E5%BA%A6%E6%8B%9B%E7%94%9F%E7%B0%A1%E7%AB%A0.pdf,06-2336842#700,
永康區,公幼,三村國小附設幼兒園,,,,,,https://kid.tn.edu.tw/KidsAll/PDF/%E4%B8%89%E6%9D%91%E5%9C%8B%E5%B0%8F%E9%99%84%E8%A8%AD%E5%B9%BC%E5%85%92%E5%9C%92114%E5%AD%B8%E5%B9%B4%E5%BA%A6%E6%8B%9B%E7%94%9F%E7%B0%A1%E7%AB%A0.pdf,06-2531850#300,
永康區,公幼,永信國小附設幼兒園,,,,,,https://kid.tn.edu.tw/KidsAll/PDF/%E6%B0%B8%E4%BF%A1%E5%9C%8B%E5%B0%8F%E9%99%84%E8%A8%AD%E5%B9%BC%E5%85%92%E5%9C%92114%E5%AD%B8%E5%B9%B4%E5%BA%A6%E6%8B%9B%E7%94%9F%E7%B0%A1%E7%AB%A0.pdf,06-2320783#901,
永康區,非營利,永仁非營利幼兒園,,,,,,https://kid.tn.edu.tw/KidsAll/PDF/%E6%B0%B8%E4%BB%81%E9%9D%9E%E7%87%9F%E5%88%A9%E5%B9%BC%E5%85%92%E5%9C%92114%E5%AD%B8%E5%B9%B4%E5%BA%A6%E6%8B%9B%E7%94%9F%E7%B0%A1%E7%AB%A0.pdf,06-3122552,
永康區,準公共,資優生幼兒園,80,8,3,1,,https://kid.tn.edu.tw/KidsAll/PDF/%E8%B3%87%E5%84%AA%E7%94%9F%E5%B9%BC%E5%85%92%E5%9C%92114%E5%AD%B8%E5%B9%B4%E5%BA%A6%E6%8B%9B%E7%94%9F%E7%B0%A1%E7%AB%A0.pdf,06-2030458,
永康區,準公共,卓越幼兒園,48,16,5,0,,https://kid.tn.edu.tw/KidsAll/PDF/%E5%8D%93%E8%B6%8A%E5%B9%BC%E5%85%92%E5%9C%92114%E5%AD%B8%E5%B9%B4%E5%BA%A6%E6%8B%9B%E7%94%9F%E7%B0%A1%E7%AB%A0.pdf,06-2316551,
永康區,準公共,青蘋果幼兒園,30,40,20,3,,https://kid.tn.edu.tw/KidsAll/PDF/%E9%9D%92%E8%98%8B%E6%9E%9C%E5%B9%BC%E5%85%92%E5%9C%92114%E5%AD%B8%E5%B9%B4%E5%BA%A6%E6%8B%9B%E7%94%9F%E7%B0%A1%E7%AB%A0.pdf,06-3021305,
永康區,準公共,聖心幼兒園,11,18,13,14,,https://kid.tn.edu.tw/KidsAll/PDF/%E8%81%96%E5%BF%83%E5%B9%BC%E5%85%92%E5%9C%92114%E5%AD%B8%E5%B9%B4%E5%BA%A6%E6%8B%9B%E7%94%9F%E7%B0%A1%E7%AB%A0.pdf,06-2710096,
永康區,準公共,輔仁幼兒園,44,16,0,0,,https://kid.tn.edu.tw/KidsAll/PDF/%E8%BC%94%E4%BB%81%E5%B9%BC%E5%85%92%E5%9C%92114%E5%AD%B8%E5%B9%B4%E5%BA%A6%E6%8B%9B%E7%94%9F%E7%B0%A1%E7%AB%A0.pdf,06-2714086,
永康區,準公共,愛幼幼兒園,45,12,0,0,,https://kid.tn.edu.tw/KidsAll/PDF/%E6%84%9B%E5%B9%BC%E5%B9%BC%E5%85%92%E5%9C%92114%E5%AD%B8%E5%B9%B4%E5%BA%A6%E6%8B%9B%E7%94%9F%E7%B0%A1%E7%AB%A0.pdf,06-2729123,
永康區,準公共,中華幼兒園,8,19,12,10,,https://kid.tn.edu.tw/KidsAll/PDF/%E4%B8%AD%E8%8F%AF%E5%B9%BC%E5%85%92%E5%9C%92114%E5%AD%B8%E5%B9%B4%E5%BA%A6%E6%8B%9B%E7%94%9F%E7%B0%A1%E7%AB%A0.pdf,06-3026529,
永康區,準公共,幼華幼兒園,15,6,9,1,,https://kid.tn.edu.tw/KidsAll/PDF/%E5%B9%BC%E8%8F%AF%E5%B9%BC%E5%85%92%E5%9C%92114%E5%AD%B8%E5%B9%B4%E5%BA%A6%E6%8B%9B%E7%94%9F%E7%B0%A1%E7%AB%A0.pdf,06-2322576,
永康區,準公共,艾迪斯幼兒園,16,28,10,0,,https://kid.tn.edu.tw/KidsAll/PDF/%E8%89%BE%E8%BF%AA%E6%96%AF%E5%B9%BC%E5%85%92%E5%9C%92114%E5%AD%B8%E5%B9%B4%E5%BA%A6%E6%8B%9B%E7%94%9F%E7%B0%A1%E7%AB%A0.pdf,06-2530325,
永康區,準公共,上恩幼兒園,23,27,10,10,,https://kid.tn.edu.tw/KidsAll/PDF/%E4%B8%8A%E6%81%A9%E5%B9%BC%E5%85%92%E5%9C%92114%E5%AD%B8%E5%B9%B4%E5%BA%A6%E6%8B%9B%E7%94%9F%E7%B0%A1%E7%AB%A0.pdf,06-2057007,
永康區,準公共,幼幼世界幼兒園,4,6,0,0,,https://kid.tn.edu.tw/KidsAll/PDF/%E5%B9%BC%E5%B9%BC%E4%B8%96%E7%95%8C%E5%B9%BC%E5%85%92%E5%9C%92114%E5%AD%B8%E5%B9%B4%E5%BA%A6%E6%8B%9B%E7%94%9F%E7%B0%A1%E7%AB%A0.pdf,06-2737977,
永康區,準公共,永康文心幼兒園,37,4,5,0,,https://kid.tn.edu.tw/KidsAll/PDF/%E6%B0%B8%E5%BA%B7%E6%96%87%E5%BF%83%E5%B9%BC%E5%85%92%E5%9C%92114%E5%AD%B8%E5%B9%B4%E5%BA%A6%E6%8B%9B%E7%94%9F%E7%B0%A1%E7%AB%A0.pdf,06-2711994,
永康區,準公共,永強繪本藝術幼兒園,45,19,1,0,,https://kid.tn.edu.tw/KidsAll/PDF/%E6%B0%B8%E5%BC%B7%E7%B9%AA%E6%9C%AC%E8%97%9D%E8%A1%93%E5%B9%BC%E5%85%92%E5%9C%92114%E5%AD%B8%E5%B9%B4%E5%BA%A6%E6%8B%9B%E7%94%9F%E7%B0%A1%E7%AB%A0.pdf,06-2723287,
永康區,準公共,育智幼兒園,23,23,15,0,,https://kid.tn.edu.tw/KidsAll/PDF/%E8%82%B2%E6%99%BA%E5%B9%BC%E5%85%92%E5%9C%92114%E5%AD%B8%E5%B9%B4%E5%BA%A6%E6%8B%9B%E7%94%9F%E7%B0%A1%E7%AB%A0.pdf,06-2732286,
永康區,準公共,非凡幼兒園,46,2,0,0,,https://kid.tn.edu.tw/KidsAll/PDF/%E9%9D%9E%E5%87%A1%E5%B9%BC%E5%85%92%E5%9C%92114%E5%AD%B8%E5%B9%B4%E5%BA%A6%E6%8B%9B%E7%94%9F%E7%B0%A1%E7%AB%A0.pdf,06-2315935,
永康區,準公共,英格堡幼兒園,0,4,0,0,,https://kid.tn.edu.tw/KidsAll/PDF/%E8%8B%B1%E6%A0%BC%E5%A0%A1%E5%B9%BC%E5%85%92%E5%9C%92114%E5%AD%B8%E5%B9%B4%E5%BA%A6%E6%8B%9B%E7%94%9F%E7%B0%A1%E7%AB%A0.pdf,06-2029077,
永康區,準公共,萊恩幼兒園,32,10,9,1,,https://kid.tn.edu.tw/KidsAll/PDF/%E8%90%8A%E6%81%A9%E5%B9%BC%E5%85%92%E5%9C%92114%E5%AD%B8%E5%B9%B4%E5%BA%A6%E6%8B%9B%E7%94%9F%E7%B0%A1%E7%AB%A0.pdf,06-2326894,
永康區,準公共,派樂特幼兒園,45,38,30,1,,https://kid.tn.edu.tw/KidsAll/PDF/%E6%B4%BE%E6%A8%82%E7%89%B9%E5%B9%BC%E5%85%92%E5%9C%92114%E5%AD%B8%E5%B9%B4%E5%BA%A6%E6%8B%9B%E7%94%9F%E7%B0%A1%E7%AB%A0.pdf,06-3037788,
永康區,準公共,敦煌幼兒園,37,9,4,1,,https://kid.tn.edu.tw/KidsAll/PDF/%E6%95%A6%E7%85%8C%E5%B9%BC%E5%85%92%E5%9C%92114%E5%AD%B8%E5%B9%B4%E5%BA%A6%E6%8B%9B%E7%94%9F%E7%B0%A1%E7%AB%A0.pdf,06-3133266,
永康區,準公共,智全幼兒園,25,2,9,0,,https://kid.tn.edu.tw/KidsAll/PDF/%E6%99%BA%E5%85%A8%E5%B9%BC%E5%85%92%E5%9C%92114%E5%AD%B8%E5%B9%B4%E5%BA%A6%E6%8B%9B%E7%94%9F%E7%B0%A1%E7%AB%A0.pdf,06-2322762,
永康區,準公共,新生代幼兒園,8,9,3,4,,https://kid.tn.edu.tw/KidsAll/PDF/%E6%96%B0%E7%94%9F%E4%BB%A3%E5%B9%BC%E5%85%92%E5%9C%92114%E5%AD%B8%E5%B9%B4%E5%BA%A6%E6%8B%9B%E7%94%9F%E7%B0%A1%E7%AB%A0.pdf,06-3128797,
永康區,準公共,傑登幼兒園,53,2,0,0,,https://kid.tn.edu.tw/KidsAll/PDF/%E5%82%91%E7%99%BB%E5%B9%BC%E5%85%92%E5%9C%92114%E5%AD%B8%E5%B9%B4%E5%BA%A6%E6%8B%9B%E7%94%9F%E7%B0%A1%E7%AB%A0.pdf,06-3115651,
永康區,準公共,至真幼兒園,46,32,9,1,,https://kid.tn.edu.tw/KidsAll/PDF/%E8%87%B3%E7%9C%9F%E5%B9%BC%E5%85%92%E5%9C%92114%E5%AD%B8%E5%B9%B4%E5%BA%A6%E6%8B%9B%E7%94%9F%E7%B0%A1%E7%AB%A0.pdf,06-2015093,
永康區,準公共,吉得堡幼兒園,6,10,7,4,,https://kid.tn.edu.tw/KidsAll/PDF/%E5%90%89%E5%BE%97%E5%A0%A1%E5%B9%BC%E5%85%92%E5%9C%92114%E5%AD%B8%E5%B9%B4%E5%BA%A6%E6%8B%9B%E7%94%9F%E7%B0%A1%E7%AB%A0.pdf,06-2718404,
永康區,準公共,凱迪斯幼兒園,21,9,7,0,,https://kid.tn.edu.tw/KidsAll/PDF/%E5%87%B1%E8%BF%AA%E6%96%AF%E5%B9%BC%E5%85%92%E5%9C%92114%E5%AD%B8%E5%B9%B4%E5%BA%A6%E6%8B%9B%E7%94%9F%E7%B0%A1%E7%AB%A0.pdf,06-2037917,
永康區,準公共,優學幼兒園,42,12,2,1,,https://kid.tn.edu.tw/KidsAll/PDF/%E5%84%AA%E5%AD%B8%E5%B9%BC%E5%85%92%E5%9C%92114%E5%AD%B8%E5%B9%B4%E5%BA%A6%E6%8B%9B%E7%94%9F%E7%B0%A1%E7%AB%A0.pdf,06-2733524,
永康區,準公共,童園幼兒園,28,26,5,2,,https://kid.tn.edu.tw/KidsAll/PDF/%E7%AB%A5%E5%9C%92%E5%B9%BC%E5%85%92%E5%9C%92114%E5%AD%B8%E5%B9%B4%E5%BA%A6%E6%8B%9B%E7%94%9F%E7%B0%A1%E7%AB%A0.pdf,06-2731561,
永康區,準公共,傑尼爾幼兒園,44,30,21,1,,https://kid.tn.edu.tw/KidsAll/PDF/%E5%82%91%E5%B0%BC%E7%88%BE%E5%B9%BC%E5%85%92%E5%9C%92114%E5%AD%B8%E5%B9%B4%E5%BA%A6%E6%8B%9B%E7%94%9F%E7%B0%A1%E7%AB%A0.pdf,06-3127138,
永康區,準公共,第一堡幼兒園,28,23,4,0,,https://kid.tn.edu.tw/KidsAll/PDF/%E7%AC%AC%E4%B8%80%E5%A0%A1%E5%B9%BC%E5%85%92%E5%9C%92114%E5%AD%B8%E5%B9%B4%E5%BA%A6%E6%8B%9B%E7%94%9F%E7%B0%A1%E7%AB%A0.pdf,06-3115441,
永康區,準公共,愛森堡幼兒園,36,35,12,1,,https://kid.tn.edu.tw/KidsAll/PDF/%E6%84%9B%E6%A3%AE%E5%A0%A1%E5%B9%BC%E5%85%92%E5%9C%92114%E5%AD%B8%E5%B9%B4%E5%BA%A6%E6%8B%9B%E7%94%9F%E7%B0%A1%E7%AB%A0.pdf,06-2015085,
永康區,準公共,星堡幼兒園,15,17,1,0,,https://kid.tn.edu.tw/KidsAll/PDF/%E6%98%9F%E5%A0%A1%E5%B9%BC%E5%85%92%E5%9C%92114%E5%AD%B8%E5%B9%B4%E5%BA%A6%E6%8B%9B%E7%94%9F%E7%B0%A1%E7%AB%A0.pdf,06-3038535,
永康區,準公共,英格爾幼兒園,0,47,0,0,,https://kid.tn.edu.tw/KidsAll/PDF/%E8%8B%B1%E6%A0%BC%E7%88%BE%E5%B9%BC%E5%85%92%E5%9C%92114%E5%AD%B8%E5%B9%B4%E5%BA%A6%E6%8B%9B%E7%94%9F%E7%B0%A1%E7%AB%A0.pdf,06-2029017,
玉井區,公幼,層林國小附設幼兒園,,,,,,https://kid.tn.edu.tw/KidsAll/PDF/%E5%B1%A4%E6%9E%97%E5%9C%8B%E5%B0%8F%E9%99%84%E8%A8%AD%E5%B9%BC%E5%85%92%E5%9C%92114%E5%AD%B8%E5%B9%B4%E5%BA%A6%E6%8B%9B%E7%94%9F%E7%B0%A1%E7%AB%A0.pdf,06-5745379#106,
玉井區,公幼,玉井國小附設幼兒園,,,,,,https://kid.tn.edu.tw/KidsAll/PDF/%E7%8E%89%E4%BA%95%E5%9C%8B%E5%B0%8F%E9%99%84%E8%A8%AD%E5%B9%BC%E5%85%92%E5%9C%92114%E5%AD%B8%E5%B9%B4%E5%BA%A6%E6%8B%9B%E7%94%9F%E7%B0%A1%E7%AB%A0.pdf,06-5742047#201,
玉井區,準公共,貝兒幼兒園,7,0,2,0,,https://kid.tn.edu.tw/KidsAll/PDF/%E8%B2%9D%E5%85%92%E5%B9%BC%E5%85%92%E5%9C%92114%E5%AD%B8%E5%B9%B4%E5%BA%A6%E6%8B%9B%E7%94%9F%E7%B0%A1%E7%AB%A0.pdf,06-5741287,
玉井區,準公共,德蕾幼兒園,16,6,5,5,,https://kid.tn.edu.tw/KidsAll/PDF/%E5%BE%B7%E8%95%BE%E5%B9%BC%E5%85%92%E5%9C%92114%E5%AD%B8%E5%B9%B4%E5%BA%A6%E6%8B%9B%E7%94%9F%E7%B0%A1%E7%AB%A0.pdf,06-5747195,
玉井區,準公共,玉沙幼兒園,26,16,5,5,,https://kid.tn.edu.tw/KidsAll/PDF/%E7%8E%89%E6%B2%99%E5%B9%BC%E5%85%92%E5%9C%92114%E5%AD%B8%E5%B9%B4%E5%BA%A6%E6%8B%9B%E7%94%9F%E7%B0%A1%E7%AB%A0.pdf,06-5747534,
白河區,公幼,竹門國小附設幼兒園,,,,,,https://kid.tn.edu.tw/KidsAll/PDF/%E7%AB%B9%E9%96%80%E5%9C%8B%E5%B0%8F%E9%99%84%E8%A8%AD%E5%B9%BC%E5%85%92%E5%9C%92114%E5%AD%B8%E5%B9%B4%E5%BA%A6%E6%8B%9B%E7%94%9F%E7%B0%A1%E7%AB%A0.pdf,06-6852097,
白河區,公幼,白河國小附設幼兒園,,,,,,https://kid.tn.edu.tw/KidsAll/PDF/%E7%99%BD%E6%B2%B3%E5%9C%8B%E5%B0%8F%E9%99%84%E8%A8%AD%E5%B9%BC%E5%85%92%E5%9C%92114%E5%AD%B8%E5%B9%B4%E5%BA%A6%E6%8B%9B%E7%94%9F%E7%B0%A1%E7%AB%A0.pdf,06-6852177#2003,
白河區,公幼,玉豐國小附設幼兒園,,,,,,https://kid.tn.edu.tw/KidsAll/PDF/%E7%8E%89%E8%B1%90%E5%9C%8B%E5%B0%8F%E9%99%84%E8%A8%AD%E5%B9%BC%E5%85%92%E5%9C%92114%E5%AD%B8%E5%B9%B4%E5%BA%A6%E6%8B%9B%E7%94%9F%E7%B0%A1%E7%AB%A0.pdf,06-6852524#14,
白河區,公幼,內角國小附設幼兒園,,,,,,https://kid.tn.edu.tw/KidsAll/PDF/%E5%85%A7%E8%A7%92%E5%9C%8B%E5%B0%8F%E9%99%84%E8%A8%AD%E5%B9%BC%E5%85%92%E5%9C%92114%E5%AD%B8%E5%B9%B4%E5%BA%A6%E6%8B%9B%E7%94%9F%E7%B0%A1%E7%AB%A0.pdf,06-6817363#18,
白河區,公幼,河東國小附設幼兒園,,,,,,https://kid.tn.edu.tw/KidsAll/PDF/%E6%B2%B3%E6%9D%B1%E5%9C%8B%E5%B0%8F%E9%99%84%E8%A8%AD%E5%B9%BC%E5%85%92%E5%9C%92114%E5%AD%B8%E5%B9%B4%E5%BA%A6%E6%8B%9B%E7%94%9F%E7%B0%A1%E7%AB%A0.pdf,06-6852896,
白河區,公幼,大竹國小附設幼兒園,,,,,,https://kid.tn.edu.tw/KidsAll/PDF/%E5%A4%A7%E7%AB%B9%E5%9C%8B%E5%B0%8F%E9%99%84%E8%A8%AD%E5%B9%BC%E5%85%92%E5%9C%92114%E5%AD%B8%E5%B9%B4%E5%BA%A6%E6%8B%9B%E7%94%9F%E7%B0%A1%E7%AB%A0.pdf,06-6852508#11,
白河區,公幼,仙草實驗小學附設幼兒園,,,,,,https://kid.tn.edu.tw/KidsAll/PDF/%E4%BB%99%E8%8D%89%E5%AF%A6%E9%A9%97%E5%B0%8F%E5%AD%B8%E9%99%84%E8%A8%AD%E5%B9%BC%E5%85%92%E5%9C%92114%E5%AD%B8%E5%B9%B4%E5%BA%A6%E6%8B%9B%E7%94%9F%E7%B0%A1%E7%AB%A0.pdf,06-6852606,
白河區,準公共,金典幼兒園,18,21,11,1,,https://kid.tn.edu.tw/KidsAll/PDF/%E9%87%91%E5%85%B8%E5%B9%BC%E5%85%92%E5%9C%92114%E5%AD%B8%E5%B9%B4%E5%BA%A6%E6%8B%9B%E7%94%9F%E7%B0%A1%E7%AB%A0.pdf,06-6830033,
白河區,準公共,舉人幼兒園,7,6,4,2,,https://kid.tn.edu.tw/KidsAll/PDF/%E8%88%89%E4%BA%BA%E5%B9%BC%E5%85%92%E5%9C%92114%E5%AD%B8%E5%B9%B4%E5%BA%A6%E6%8B%9B%E7%94%9F%E7%B0%A1%E7%AB%A0.pdf,06-6830201,
白河區,準公共,日光幼兒園,6,6,6,0,,https://kid.tn.edu.tw/KidsAll/PDF/%E6%97%A5%E5%85%89%E5%B9%BC%E5%85%92%E5%9C%92114%E5%AD%B8%E5%B9%B4%E5%BA%A6%E6%8B%9B%E7%94%9F%E7%B0%A1%E7%AB%A0.pdf,06-6856811,
安平區,公幼,安平國小附設幼兒園,,,,,,https://kid.tn.edu.tw/KidsAll/PDF/%E5%AE%89%E5%B9%B3%E5%9C%8B%E5%B0%8F%E9%99%84%E8%A8%AD%E5%B9%BC%E5%85%92%E5%9C%92114%E5%AD%B8%E5%B9%B4%E5%BA%A6%E6%8B%9B%E7%94%9F%E7%B0%A1%E7%AB%A0.pdf,06-2955086#9,
安平區,公幼,臺南市立第三幼兒園,,,,,,https://kid.tn.edu.tw/KidsAll/PDF/%E8%87%BA%E5%8D%97%E5%B8%82%E7%AB%8B%E7%AC%AC%E4%B8%89%E5%B9%BC%E5%85%92%E5%9C%92114%E5%AD%B8%E5%B9%B4%E5%BA%A6%E6%8B%9B%E7%94%9F%E7%B0%A1%E7%AB%A0.pdf,06-2287047,
安平區,公幼,新南國小附設幼兒園,,,,,,https://kid.tn.edu.tw/KidsAll/PDF/%E6%96%B0%E5%8D%97%E5%9C%8B%E5%B0%8F%E9%99%84%E8%A8%AD%E5%B9%BC%E5%85%92%E5%9C%92114%E5%AD%B8%E5%B9%B4%E5%BA%A6%E6%8B%9B%E7%94%9F%E7%B0%A1%E7%AB%A0.pdf,06-2973363#801,
安平區,公幼,石門國小附設幼兒園,,,,,,https://kid.tn.edu.tw/KidsAll/PDF/%E7%9F%B3%E9%96%80%E5%9C%8B%E5%B0%8F%E9%99%84%E8%A8%AD%E5%B9%BC%E5%85%92%E5%9C%92114%E5%AD%B8%E5%B9%B4%E5%BA%A6%E6%8B%9B%E7%94%9F%E7%B0%A1%E7%AB%A0.pdf,06-2292498,
安平區,公幼,億載國小附設幼兒園,,,,,,https://kid.tn.edu.tw/KidsAll/PDF/%E5%84%84%E8%BC%89%E5%9C%8B%E5%B0%8F%E9%99%84%E8%A8%AD%E5%B9%BC%E5%85%92%E5%9C%92114%E5%AD%B8%E5%B9%B4%E5%BA%A6%E6%8B%9B%E7%94%9F%E7%B0%A1%E7%AB%A0.pdf,06-2932371#713,
安平區,非營利,市政府員工子女非營利幼兒園,,,,,,https://kid.tn.edu.tw/KidsAll/PDF/%E5%B8%82%E6%94%BF%E5%BA%9C%E5%93%A1%E5%B7%A5%E5%AD%90%E5%A5%B3%E9%9D%9E%E7%87%9F%E5%88%A9%E5%B9%BC%E5%85%92%E5%9C%92114%E5%AD%B8%E5%B9%B4%E5%BA%A6%E6%8B%9B%E7%94%9F%E7%B0%A1%E7%AB%A0.pdf,06-2999391,
安平區,準公共,立家幼兒園,0,12,3,1,,https://kid.tn.edu.tw/KidsAll/PDF/%E7%AB%8B%E5%AE%B6%E5%B9%BC%E5%85%92%E5%9C%92114%E5%AD%B8%E5%B9%B4%E5%BA%A6%E6%8B%9B%E7%94%9F%E7%B0%A1%E7%AB%A0.pdf,06-2979450,
安平區,準公共,喬登幼兒園,10,3,2,0,,https://kid.tn.edu.tw/KidsAll/PDF/%E5%96%AC%E7%99%BB%E5%B9%BC%E5%85%92%E5%9C%92114%E5%AD%B8%E5%B9%B4%E5%BA%A6%E6%8B%9B%E7%94%9F%E7%B0%A1%E7%AB%A0.pdf,06-2996633,
安平區,準公共,傑仕堡幼兒園,12,11,4,3,,https://kid.tn.edu.tw/KidsAll/PDF/%E5%82%91%E4%BB%95%E5%A0%A1%E5%B9%BC%E5%85%92%E5%9C%92114%E5%AD%B8%E5%B9%B4%E5%BA%A6%E6%8B%9B%E7%94%9F%E7%B0%A1%E7%AB%A0.pdf,06-2411098,
安平區,準公共,聖德幼兒園,22,4,2,3,,https://kid.tn.edu.tw/KidsAll/PDF/%E8%81%96%E5%BE%B7%E5%B9%BC%E5%85%92%E5%9C%92114%E5%AD%B8%E5%B9%B4%E5%BA%A6%E6%8B%9B%E7%94%9F%E7%B0%A1%E7%AB%A0.pdf,06-2232760,
安平區,準公共,金城幼兒園,14,10,12,0,,https://kid.tn.edu.tw/KidsAll/PDF/%E9%87%91%E5%9F%8E%E5%B9%BC%E5%85%92%E5%9C%92114%E5%AD%B8%E5%B9%B4%E5%BA%A6%E6%8B%9B%E7%94%9F%E7%B0%A1%E7%AB%A0.pdf,06-2970055,
安平區,準公共,安平精英幼兒園,57,0,0,1,,https://kid.tn.edu.tw/KidsAll/PDF/%E5%AE%89%E5%B9%B3%E7%B2%BE%E8%8B%B1%E5%B9%BC%E5%85%92%E5%9C%92114%E5%AD%B8%E5%B9%B4%E5%BA%A6%E6%8B%9B%E7%94%9F%E7%B0%A1%E7%AB%A0.pdf,06-2950260,
安平區,準公共,德妮培安幼兒園,24,0,0,0,,https://kid.tn.edu.tw/KidsAll/PDF/%E5%BE%B7%E5%A6%AE%E5%9F%B9%E5%AE%89%E5%B9%BC%E5%85%92%E5%9C%92114%E5%AD%B8%E5%B9%B4%E5%BA%A6%E6%8B%9B%E7%94%9F%E7%B0%A1%E7%AB%A0.pdf,06-2990559,
安平區,準公共,魔荳幼兒園,32,15,5,0,,https://kid.tn.edu.tw/KidsAll/PDF/%E9%AD%94%E8%8D%B3%E5%B9%BC%E5%85%92%E5%9C%92114%E5%AD%B8%E5%B9%B4%E5%BA%A6%E6%8B%9B%E7%94%9F%E7%B0%A1%E7%AB%A0.pdf,06-2507906,
安定區,公幼,安定國小附設幼兒園,,,,,,https://kid.tn.edu.tw/KidsAll/PDF/%E5%AE%89%E5%AE%9A%E5%9C%8B%E5%B0%8F%E9%99%84%E8%A8%AD%E5%B9%BC%E5%85%92%E5%9C%92114%E5%AD%B8%E5%B9%B4%E5%BA%A6%E6%8B%9B%E7%94%9F%E7%B0%A1%E7%AB%A0.pdf,06-5922579#700,
安定區,公幼,南安國小附設幼兒園,,,,,,https://kid.tn.edu.tw/KidsAll/PDF/%E5%8D%97%E5%AE%89%E5%9C%8B%E5%B0%8F%E9%99%84%E8%A8%AD%E5%B9%BC%E5%85%92%E5%9C%92114%E5%AD%B8%E5%B9%B4%E5%BA%A6%E6%8B%9B%E7%94%9F%E7%B0%A1%E7%AB%A0.pdf,06-5922023#117,
安定區,公幼,安定南興國小附設幼兒園,,,,,,https://kid.tn.edu.tw/KidsAll/PDF/%E5%AE%89%E5%AE%9A%E5%8D%97%E8%88%88%E5%9C%8B%E5%B0%8F%E9%99%84%E8%A8%AD%E5%B9%BC%E5%85%92%E5%9C%92114%E5%AD%B8%E5%B9%B4%E5%BA%A6%E6%8B%9B%E7%94%9F%E7%B0%A1%E7%AB%A0.pdf,06-5931038#276,
安定區,準公共,直加弄非營利幼兒園,12,5,0,1,,https://kid.tn.edu.tw/KidsAll/PDF/%E7%9B%B4%E5%8A%A0%E5%BC%84%E9%9D%9E%E7%87%9F%E5%88%A9%E5%B9%BC%E5%85%92%E5%9C%92114%E5%AD%B8%E5%B9%B4%E5%BA%A6%E6%8B%9B%E7%94%9F%E7%B0%A1%E7%AB%A0.pdf,06-5939599,
安定區,準公共,小博士幼兒園,24,6,3,0,,https://kid.tn.edu.tw/KidsAll/PDF/%E5%B0%8F%E5%8D%9A%E5%A3%AB%E5%B9%BC%E5%85%92%E5%9C%92114%E5%AD%B8%E5%B9%B4%E5%BA%A6%E6%8B%9B%E7%94%9F%E7%B0%A1%E7%AB%A0.pdf,06-5922090,
安定區,準公共,倍幼安幼兒園,32,18,5,4,,https://kid.tn.edu.tw/KidsAll/PDF/%E5%80%8D%E5%B9%BC%E5%AE%89%E5%B9%BC%E5%85%92%E5%9C%92114%E5%AD%B8%E5%B9%B4%E5%BA%A6%E6%8B%9B%E7%94%9F%E7%B0%A1%E7%AB%A0.pdf,06-5933615,
安南區,公幼,臺南市立第四幼兒園,,,,,,https://kid.tn.edu.tw/KidsAll/PDF/%E8%87%BA%E5%8D%97%E5%B8%82%E7%AB%8B%E7%AC%AC%E5%9B%9B%E5%B9%BC%E5%85%92%E5%9C%92114%E5%AD%B8%E5%B9%B4%E5%BA%A6%E6%8B%9B%E7%94%9F%E7%B0%A1%E7%AB%A0.pdf,06-2471265,
安南區,公幼,臺南市立第四幼兒園安順分班,,,,,,https://kid.tn.edu.tw/KidsAll/PDF/%E8%87%BA%E5%8D%97%E5%B8%82%E7%AB%8B%E7%AC%AC%E5%9B%9B%E5%B9%BC%E5%85%92%E5%9C%92%E5%AE%89%E9%A0%86%E5%88%86%E7%8F%AD114%E5%AD%B8%E5%B9%B4%E5%BA%A6%E6%8B%9B%E7%94%9F%E7%B0%A1%E7%AB%A0.pdf,06-3563074#11,
安南區,公幼,臺南市立第四幼兒園州南分班,,,,,,https://kid.tn.edu.tw/KidsAll/PDF/%E8%87%BA%E5%8D%97%E5%B8%82%E7%AB%8B%E7%AC%AC%E5%9B%9B%E5%B9%BC%E5%85%92%E5%9C%92%E5%B7%9E%E5%8D%97%E5%88%86%E7%8F%AD114%E5%AD%B8%E5%B9%B4%E5%BA%A6%E6%8B%9B%E7%94%9F%E7%B0%A1%E7%AB%A0.pdf,06-3552744#12,
安南區,公幼,臺南市立第四幼兒園大同分班,,,,,,https://kid.tn.edu.tw/KidsAll/PDF/%E8%87%BA%E5%8D%97%E5%B8%82%E7%AB%8B%E7%AC%AC%E5%9B%9B%E5%B9%BC%E5%85%92%E5%9C%92%E5%A4%A7%E5%90%8C%E5%88%86%E7%8F%AD114%E5%AD%B8%E5%B9%B4%E5%BA%A6%E6%8B%9B%E7%94%9F%E7%B0%A1%E7%AB%A0.pdf,06-3561190,
安南區,公幼,臺南市立第六幼兒園,,,,,,https://kid.tn.edu.tw/KidsAll/PDF/%E8%87%BA%E5%8D%97%E5%B8%82%E7%AB%8B%E7%AC%AC%E5%85%AD%E5%B9%BC%E5%85%92%E5%9C%92114%E5%AD%B8%E5%B9%B4%E5%BA%A6%E6%8B%9B%E7%94%9F%E7%B0%A1%E7%AB%A0.pdf,06-2572510,
安南區,公幼,臺南市立第六幼兒園城南分班,,,,,,https://kid.tn.edu.tw/KidsAll/PDF/%E8%87%BA%E5%8D%97%E5%B8%82%E7%AB%8B%E7%AC%AC%E5%85%AD%E5%B9%BC%E5%85%92%E5%9C%92%E5%9F%8E%E5%8D%97%E5%88%86%E7%8F%AD114%E5%AD%B8%E5%B9%B4%E5%BA%A6%E6%8B%9B%E7%94%9F%E7%B0%A1%E7%AB%A0.pdf,06-2572569,
安南區,公幼,和順國小附設幼兒園,,,,,,https://kid.tn.edu.tw/KidsAll/PDF/%E5%92%8C%E9%A0%86%E5%9C%8B%E5%B0%8F%E9%99%84%E8%A8%AD%E5%B9%BC%E5%85%92%E5%9C%92114%E5%AD%B8%E5%B9%B4%E5%BA%A6%E6%8B%9B%E7%94%9F%E7%B0%A1%E7%AB%A0.pdf,06-3554629#181,
安南區,公幼,海東國小附設幼兒園,,,,,,https://kid.tn.edu.tw/KidsAll/PDF/%E6%B5%B7%E6%9D%B1%E5%9C%8B%E5%B0%8F%E9%99%84%E8%A8%AD%E5%B9%BC%E5%85%92%E5%9C%92114%E5%AD%B8%E5%B9%B4%E5%BA%A6%E6%8B%9B%E7%94%9F%E7%B0%A1%E7%AB%A0.pdf,06-2557531#11,
安南區,公幼,安慶國小附設幼兒園,,,,,,https://kid.tn.edu.tw/KidsAll/PDF/%E5%AE%89%E6%85%B6%E5%9C%8B%E5%B0%8F%E9%99%84%E8%A8%AD%E5%B9%BC%E5%85%92%E5%9C%92114%E5%AD%B8%E5%B9%B4%E5%BA%A6%E6%8B%9B%E7%94%9F%E7%B0%A1%E7%AB%A0.pdf,06-2460334#1732,
安南區,公幼,安順國小附設幼兒園,,,,,,https://kid.tn.edu.tw/KidsAll/PDF/%E5%AE%89%E9%A0%86%E5%9C%8B%E5%B0%8F%E9%99%84%E8%A8%AD%E5%B9%BC%E5%85%92%E5%9C%92114%E5%AD%B8%E5%B9%B4%E5%BA%A6%E6%8B%9B%E7%94%9F%E7%B0%A1%E7%AB%A0.pdf,06-3559451#891,
安南區,公幼,顯宮國小附設幼兒園,,,,,,https://kid.tn.edu.tw/KidsAll/PDF/%E9%A1%AF%E5%AE%AE%E5%9C%8B%E5%B0%8F%E9%99%84%E8%A8%AD%E5%B9%BC%E5%85%92%E5%9C%92114%E5%AD%B8%E5%B9%B4%E5%BA%A6%E6%8B%9B%E7%94%9F%E7%B0%A1%E7%AB%A0.pdf,06-2841723#703,
安南區,公幼,青草國小附設幼兒園,,,,,,https://kid.tn.edu.tw/KidsAll/PDF/%E9%9D%92%E8%8D%89%E5%9C%8B%E5%B0%8F%E9%99%84%E8%A8%AD%E5%B9%BC%E5%85%92%E5%9C%92114%E5%AD%B8%E5%B9%B4%E5%BA%A6%E6%8B%9B%E7%94%9F%E7%B0%A1%E7%AB%A0.pdf,06-2577631#830,
安南區,公幼,安佃國小附設幼兒園,,,,,,https://kid.tn.edu.tw/KidsAll/PDF/%E5%AE%89%E4%BD%83%E5%9C%8B%E5%B0%8F%E9%99%84%E8%A8%AD%E5%B9%BC%E5%85%92%E5%9C%92114%E5%AD%B8%E5%B9%B4%E5%BA%A6%E6%8B%9B%E7%94%9F%E7%B0%A1%E7%AB%A0.pdf,06-2567642#301,
安南區,公幼,鎮海國小附設幼兒園,,,,,,https://kid.tn.edu.tw/KidsAll/PDF/%E9%8E%AE%E6%B5%B7%E5%9C%8B%E5%B0%8F%E9%99%84%E8%A8%AD%E5%B9%BC%E5%85%92%E5%9C%92114%E5%AD%B8%E5%B9%B4%E5%BA%A6%E6%8B%9B%E7%94%9F%E7%B0%A1%E7%AB%A0.pdf,06-2841700#701,
安南區,公幼,長安國小附設幼兒園,,,,,,https://kid.tn.edu.tw/KidsAll/PDF/%E9%95%B7%E5%AE%89%E5%9C%8B%E5%B0%8F%E9%99%84%E8%A8%AD%E5%B9%BC%E5%85%92%E5%9C%92114%E5%AD%B8%E5%B9%B4%E5%BA%A6%E6%8B%9B%E7%94%9F%E7%B0%A1%E7%AB%A0.pdf,06-2569914#810,
安南區,公幼,土城國小附設幼兒園,,,,,,https://kid.tn.edu.tw/KidsAll/PDF/%E5%9C%9F%E5%9F%8E%E5%9C%8B%E5%B0%8F%E9%99%84%E8%A8%AD%E5%B9%BC%E5%85%92%E5%9C%92114%E5%AD%B8%E5%B9%B4%E5%BA%A6%E6%8B%9B%E7%94%9F%E7%B0%A1%E7%AB%A0.pdf,06-2577645#880,
安南區,公幼,學東國小附設幼兒園,,,,,,https://kid.tn.edu.tw/KidsAll/PDF/%E5%AD%B8%E6%9D%B1%E5%9C%8B%E5%B0%8F%E9%99%84%E8%A8%AD%E5%B9%BC%E5%85%92%E5%9C%92114%E5%AD%B8%E5%B9%B4%E5%BA%A6%E6%8B%9B%E7%94%9F%E7%B0%A1%E7%AB%A0.pdf,06-2870017#27,
安南區,公幼,海佃國中附設幼兒園,,,,,,https://kid.tn.edu.tw/KidsAll/PDF/%E6%B5%B7%E4%BD%83%E5%9C%8B%E4%B8%AD%E9%99%84%E8%A8%AD%E5%B9%BC%E5%85%92%E5%9C%92114%E5%AD%B8%E5%B9%B4%E5%BA%A6%E6%8B%9B%E7%94%9F%E7%B0%A1%E7%AB%A0.pdf,06-3507486#201,
安南區,公幼,南興國小附設幼兒園,,,,,,https://kid.tn.edu.tw/KidsAll/PDF/%E5%8D%97%E8%88%88%E5%9C%8B%E5%B0%8F%E9%99%84%E8%A8%AD%E5%B9%BC%E5%85%92%E5%9C%92114%E5%AD%B8%E5%B9%B4%E5%BA%A6%E6%8B%9B%E7%94%9F%E7%B0%A1%E7%AB%A0.pdf,06-2873204#101,
安南區,公幼,九份子國中小附設幼兒園,,,,,,https://kid.tn.edu.tw/KidsAll/PDF/%E4%B9%9D%E4%BB%BD%E5%AD%90%E5%9C%8B%E4%B8%AD%E5%B0%8F%E9%99%84%E8%A8%AD%E5%B9%BC%E5%85%92%E5%9C%92114%E5%AD%B8%E5%B9%B4%E5%BA%A6%E6%8B%9B%E7%94%9F%E7%B0%A1%E7%AB%A0.pdf,06-3507779#1180,
安南區,非營利,崑山土城非營利幼兒園,,,,,,https://kid.tn.edu.tw/KidsAll/PDF/%E5%B4%91%E5%B1%B1%E5%9C%9F%E5%9F%8E%E9%9D%9E%E7%87%9F%E5%88%A9%E5%B9%BC%E5%85%92%E5%9C%92114%E5%AD%B8%E5%B9%B4%E5%BA%A6%E6%8B%9B%E7%94%9F%E7%B0%A1%E7%AB%A0.pdf,06-2571278,
安南區,非營利,中信員工子女非營利幼兒園,,,,,,https://kid.tn.edu.tw/KidsAll/PDF/%E4%B8%AD%E4%BF%A1%E5%93%A1%E5%B7%A5%E5%AD%90%E5%A5%B3%E9%9D%9E%E7%87%9F%E5%88%A9%E5%B9%BC%E5%85%92%E5%9C%92114%E5%AD%B8%E5%B9%B4%E5%BA%A6%E6%8B%9B%E7%94%9F%E7%B0%A1%E7%AB%A0.pdf,06-2873317,
安南區,準公共,光漢幼兒園,32,52,29,3,,https://kid.tn.edu.tw/KidsAll/PDF/%E5%85%89%E6%BC%A2%E5%B9%BC%E5%85%92%E5%9C%92114%E5%AD%B8%E5%B9%B4%E5%BA%A6%E6%8B%9B%E7%94%9F%E7%B0%A1%E7%AB%A0.pdf,06-3581528,
安南區,準公共,貝思樂人文藝術幼兒園,32,4,0,0,,https://kid.tn.edu.tw/KidsAll/PDF/%E8%B2%9D%E6%80%9D%E6%A8%82%E4%BA%BA%E6%96%87%E8%97%9D%E8%A1%93%E5%B9%BC%E5%85%92%E5%9C%92114%E5%AD%B8%E5%B9%B4%E5%BA%A6%E6%8B%9B%E7%94%9F%E7%B0%A1%E7%AB%A0.pdf,06-2459191,
安南區,準公共,愛森國際幼兒園,30,19,1,9,,https://kid.tn.edu.tw/KidsAll/PDF/%E6%84%9B%E6%A3%AE%E5%9C%8B%E9%9A%9B%E5%B9%BC%E5%85%92%E5%9C%92114%E5%AD%B8%E5%B9%B4%E5%BA%A6%E6%8B%9B%E7%94%9F%E7%B0%A1%E7%AB%A0.pdf,06-3561699,
安南區,準公共,樂耕幼兒園,12,19,3,0,,https://kid.tn.edu.tw/KidsAll/PDF/%E6%A8%82%E8%80%95%E5%B9%BC%E5%85%92%E5%9C%92114%E5%AD%B8%E5%B9%B4%E5%BA%A6%E6%8B%9B%E7%94%9F%E7%B0%A1%E7%AB%A0.pdf,06-2506230,
安南區,準公共,和順幼兒園,16,11,12,1,,https://kid.tn.edu.tw/KidsAll/PDF/%E5%92%8C%E9%A0%86%E5%B9%BC%E5%85%92%E5%9C%92114%E5%AD%B8%E5%B9%B4%E5%BA%A6%E6%8B%9B%E7%94%9F%E7%B0%A1%E7%AB%A0.pdf,06-3556873,
安南區,準公共,南光幼兒園,32,8,18,4,,https://kid.tn.edu.tw/KidsAll/PDF/%E5%8D%97%E5%85%89%E5%B9%BC%E5%85%92%E5%9C%92114%E5%AD%B8%E5%B9%B4%E5%BA%A6%E6%8B%9B%E7%94%9F%E7%B0%A1%E7%AB%A0.pdf,06-2450000,
安南區,準公共,意文幼兒園,20,9,0,1,,https://kid.tn.edu.tw/KidsAll/PDF/%E6%84%8F%E6%96%87%E5%B9%BC%E5%85%92%E5%9C%92114%E5%AD%B8%E5%B9%B4%E5%BA%A6%E6%8B%9B%E7%94%9F%E7%B0%A1%E7%AB%A0.pdf,06-3554337,
安南區,準公共,娘親幼兒園,28,16,6,3,,https://kid.tn.edu.tw/KidsAll/PDF/%E5%A8%98%E8%A6%AA%E5%B9%BC%E5%85%92%E5%9C%92114%E5%AD%B8%E5%B9%B4%E5%BA%A6%E6%8B%9B%E7%94%9F%E7%B0%A1%E7%AB%A0.pdf,06-2479998,
安南區,準公共,佑佳幼兒園,11,1,9,0,,https://kid.tn.edu.tw/KidsAll/PDF/%E4%BD%91%E4%BD%B3%E5%B9%BC%E5%85%92%E5%9C%92114%E5%AD%B8%E5%B9%B4%E5%BA%A6%E6%8B%9B%E7%94%9F%E7%B0%A1%E7%AB%A0.pdf,06-2501714,
安南區,準公共,康橋幼兒園,59,13,7,0,,https://kid.tn.edu.tw/KidsAll/PDF/%E5%BA%B7%E6%A9%8B%E5%B9%BC%E5%85%92%E5%9C%92114%E5%AD%B8%E5%B9%B4%E5%BA%A6%E6%8B%9B%E7%94%9F%E7%B0%A1%E7%AB%A0.pdf,06-2457457,
安南區,準公共,聖恩幼兒園,15,5,4,4,,https://kid.tn.edu.tw/KidsAll/PDF/%E8%81%96%E6%81%A9%E5%B9%BC%E5%85%92%E5%9C%92114%E5%AD%B8%E5%B9%B4%E5%BA%A6%E6%8B%9B%E7%94%9F%E7%B0%A1%E7%AB%A0.pdf,06-3557817,
安南區,準公共,巧可碩幼兒園,7,5,0,2,,https://kid.tn.edu.tw/KidsAll/PDF/%E5%B7%A7%E5%8F%AF%E7%A2%A9%E5%B9%BC%E5%85%92%E5%9C%92114%E5%AD%B8%E5%B9%B4%E5%BA%A6%E6%8B%9B%E7%94%9F%E7%B0%A1%E7%AB%A0.pdf,06-2551073,
安南區,準公共,才碩幼兒園,15,3,7,11,,https://kid.tn.edu.tw/KidsAll/PDF/%E6%89%8D%E7%A2%A9%E5%B9%BC%E5%85%92%E5%9C%92114%E5%AD%B8%E5%B9%B4%E5%BA%A6%E6%8B%9B%E7%94%9F%E7%B0%A1%E7%AB%A0.pdf,06-2575777,
安南區,準公共,大舜科技幼兒園,6,3,14,22,,https://kid.tn.edu.tw/KidsAll/PDF/%E5%A4%A7%E8%88%9C%E7%A7%91%E6%8A%80%E5%B9%BC%E5%85%92%E5%9C%92114%E5%AD%B8%E5%B9%B4%E5%BA%A6%E6%8B%9B%E7%94%9F%E7%B0%A1%E7%AB%A0.pdf,06-3842501,
安南區,準公共,萊德幼兒園,60,12,1,2,,https://kid.tn.edu.tw/KidsAll/PDF/%E8%90%8A%E5%BE%B7%E5%B9%BC%E5%85%92%E5%9C%92114%E5%AD%B8%E5%B9%B4%E5%BA%A6%E6%8B%9B%E7%94%9F%E7%B0%A1%E7%AB%A0.pdf,06-3589667,
安南區,準公共,台江幼兒園,32,40,14,1,,https://kid.tn.edu.tw/KidsAll/PDF/%E5%8F%B0%E6%B1%9F%E5%B9%BC%E5%85%92%E5%9C%92114%E5%AD%B8%E5%B9%B4%E5%BA%A6%E6%8B%9B%E7%94%9F%E7%B0%A1%E7%AB%A0.pdf,06-2473897,
安南區,準公共,朝陽幼兒園,28,13,12,0,,https://kid.tn.edu.tw/KidsAll/PDF/%E6%9C%9D%E9%99%BD%E5%B9%BC%E5%85%92%E5%9C%92114%E5%AD%B8%E5%B9%B4%E5%BA%A6%E6%8B%9B%E7%94%9F%E7%B0%A1%E7%AB%A0.pdf,06-2462818,
安南區,準公共,佛光山慈航幼兒園,32,16,7,6,,https://kid.tn.edu.tw/KidsAll/PDF/%E4%BD%9B%E5%85%89%E5%B1%B1%E6%85%88%E8%88%AA%E5%B9%BC%E5%85%92%E5%9C%92114%E5%AD%B8%E5%B9%B4%E5%BA%A6%E6%8B%9B%E7%94%9F%E7%B0%A1%E7%AB%A0.pdf,06-3560577,
安南區,準公共,愛因斯坦資優幼兒園,47,19,3,0,,https://kid.tn.edu.tw/KidsAll/PDF/%E6%84%9B%E5%9B%A0%E6%96%AF%E5%9D%A6%E8%B3%87%E5%84%AA%E5%B9%BC%E5%85%92%E5%9C%92114%E5%AD%B8%E5%B9%B4%E5%BA%A6%E6%8B%9B%E7%94%9F%E7%B0%A1%E7%AB%A0.pdf,06-2555565,
安南區,準公共,愛上學幼兒園,16,56,0,0,,https://kid.tn.edu.tw/KidsAll/PDF/%E6%84%9B%E4%B8%8A%E5%AD%B8%E5%B9%BC%E5%85%92%E5%9C%92114%E5%AD%B8%E5%B9%B4%E5%BA%A6%E6%8B%9B%E7%94%9F%E7%B0%A1%E7%AB%A0.pdf,06-2567930,
安南區,準公共,小孔明創客幼兒園,27,22,5,0,,https://kid.tn.edu.tw/KidsAll/PDF/%E5%B0%8F%E5%AD%94%E6%98%8E%E5%89%B5%E5%AE%A2%E5%B9%BC%E5%85%92%E5%9C%92114%E5%AD%B8%E5%B9%B4%E5%BA%A6%E6%8B%9B%E7%94%9F%E7%B0%A1%E7%AB%A0.pdf,06-2460030,
安南區,準公共,保進國際藝術幼兒園,41,9,2,11,,https://kid.tn.edu.tw/KidsAll/PDF/%E4%BF%9D%E9%80%B2%E5%9C%8B%E9%9A%9B%E8%97%9D%E8%A1%93%E5%B9%BC%E5%85%92%E5%9C%92114%E5%AD%B8%E5%B9%B4%E5%BA%A6%E6%8B%9B%E7%94%9F%E7%B0%A1%E7%AB%A0.pdf,06-3571092,
安南區,準公共,安南幼兒園,28,13,4,2,,https://kid.tn.edu.tw/KidsAll/PDF/%E5%AE%89%E5%8D%97%E5%B9%BC%E5%85%92%E5%9C%92114%E5%AD%B8%E5%B9%B4%E5%BA%A6%E6%8B%9B%E7%94%9F%E7%B0%A1%E7%AB%A0.pdf,06-2567154,
安南區,準公共,安南幼兒園安南分班,0,9,0,0,,https://kid.tn.edu.tw/KidsAll/PDF/%E5%AE%89%E5%8D%97%E5%B9%BC%E5%85%92%E5%9C%92%E5%AE%89%E5%8D%97%E5%88%86%E7%8F%AD114%E5%AD%B8%E5%B9%B4%E5%BA%A6%E6%8B%9B%E7%94%9F%E7%B0%A1%E7%AB%A0.pdf,06-2567154,
安南區,準公共,安南幼兒園安中分班,16,2,0,0,,https://kid.tn.edu.tw/KidsAll/PDF/%E5%AE%89%E5%8D%97%E5%B9%BC%E5%85%92%E5%9C%92%E5%AE%89%E4%B8%AD%E5%88%86%E7%8F%AD114%E5%AD%B8%E5%B9%B4%E5%BA%A6%E6%8B%9B%E7%94%9F%E7%B0%A1%E7%AB%A0.pdf,06-2567154,
安南區,準公共,至德幼兒園,16,8,16,5,,https://kid.tn.edu.tw/KidsAll/PDF/%E8%87%B3%E5%BE%B7%E5%B9%BC%E5%85%92%E5%9C%92114%E5%AD%B8%E5%B9%B4%E5%BA%A6%E6%8B%9B%E7%94%9F%E7%B0%A1%E7%AB%A0.pdf,06-2563348,
安南區,準公共,安琪兒幼兒園,24,25,25,2,,https://kid.tn.edu.tw/KidsAll/PDF/%E5%AE%89%E7%90%AA%E5%85%92%E5%B9%BC%E5%85%92%E5%9C%92114%E5%AD%B8%E5%B9%B4%E5%BA%A6%E6%8B%9B%E7%94%9F%E7%B0%A1%E7%AB%A0.pdf,06-2562054,
安南區,準公共,華德幼兒園,58,14,18,2,,https://kid.tn.edu.tw/KidsAll/PDF/%E8%8F%AF%E5%BE%B7%E5%B9%BC%E5%85%92%E5%9C%92114%E5%AD%B8%E5%B9%B4%E5%BA%A6%E6%8B%9B%E7%94%9F%E7%B0%A1%E7%AB%A0.pdf,06-2464846,
安南區,準公共,達文西幼兒園,44,23,6,2,,https://kid.tn.edu.tw/KidsAll/PDF/%E9%81%94%E6%96%87%E8%A5%BF%E5%B9%BC%E5%85%92%E5%9C%92114%E5%AD%B8%E5%B9%B4%E5%BA%A6%E6%8B%9B%E7%94%9F%E7%B0%A1%E7%AB%A0.pdf,06-2558254,
西港區,公幼,西港國小附設幼兒園,,,,,,https://kid.tn.edu.tw/KidsAll/PDF/%E8%A5%BF%E6%B8%AF%E5%9C%8B%E5%B0%8F%E9%99%84%E8%A8%AD%E5%B9%BC%E5%85%92%E5%9C%92114%E5%AD%B8%E5%B9%B4%E5%BA%A6%E6%8B%9B%E7%94%9F%E7%B0%A1%E7%AB%A0.pdf,06-7952005#111,
西港區,公幼,西港成功國小附設幼兒園,,,,,,https://kid.tn.edu.tw/KidsAll/PDF/%E8%A5%BF%E6%B8%AF%E6%88%90%E5%8A%9F%E5%9C%8B%E5%B0%8F%E9%99%84%E8%A8%AD%E5%B9%BC%E5%85%92%E5%9C%92114%E5%AD%B8%E5%B9%B4%E5%BA%A6%E6%8B%9B%E7%94%9F%E7%B0%A1%E7%AB%A0.pdf,06-7952204#2151,
西港區,公幼,後營國小附設幼兒園,,,,,,https://kid.tn.edu.tw/KidsAll/PDF/%E5%BE%8C%E7%87%9F%E5%9C%8B%E5%B0%8F%E9%99%84%E8%A8%AD%E5%B9%BC%E5%85%92%E5%9C%92114%E5%AD%B8%E5%B9%B4%E5%BA%A6%E6%8B%9B%E7%94%9F%E7%B0%A1%E7%AB%A0.pdf,06-7952131#709,
西港區,公幼,港東國小附設幼兒園,,,,,,https://kid.tn.edu.tw/KidsAll/PDF/%E6%B8%AF%E6%9D%B1%E5%9C%8B%E5%B0%8F%E9%99%84%E8%A8%AD%E5%B9%BC%E5%85%92%E5%9C%92114%E5%AD%B8%E5%B9%B4%E5%BA%A6%E6%8B%9B%E7%94%9F%E7%B0%A1%E7%AB%A0.pdf,06-7952231#291,
西港區,準公共,福祺幼兒園,32,0,1,0,,https://kid.tn.edu.tw/KidsAll/PDF/%E7%A6%8F%E7%A5%BA%E5%B9%BC%E5%85%92%E5%9C%92114%E5%AD%B8%E5%B9%B4%E5%BA%A6%E6%8B%9B%E7%94%9F%E7%B0%A1%E7%AB%A0.pdf,06-7652436,
西港區,準公共,吉姆大秝荳幼兒園,14,6,13,1,,https://kid.tn.edu.tw/KidsAll/PDF/%E5%90%89%E5%A7%86%E5%A4%A7%E7%A7%9D%E8%8D%B3%E5%B9%BC%E5%85%92%E5%9C%92114%E5%AD%B8%E5%B9%B4%E5%BA%A6%E6%8B%9B%E7%94%9F%E7%B0%A1%E7%AB%A0.pdf,06-7951607,
西港區,準公共,哈佛人文藝術幼兒園,58,16,6,0,,https://kid.tn.edu.tw/KidsAll/PDF/%E5%93%88%E4%BD%9B%E4%BA%BA%E6%96%87%E8%97%9D%E8%A1%93%E5%B9%BC%E5%85%92%E5%9C%92114%E5%AD%B8%E5%B9%B4%E5%BA%A6%E6%8B%9B%E7%94%9F%E7%B0%A1%E7%AB%A0.pdf,06-7957371,
佳里區,公幼,通興國小附設幼兒園,,,,,,https://kid.tn.edu.tw/KidsAll/PDF/%E9%80%9A%E8%88%88%E5%9C%8B%E5%B0%8F%E9%99%84%E8%A8%AD%E5%B9%BC%E5%85%92%E5%9C%92114%E5%AD%B8%E5%B9%B4%E5%BA%A6%E6%8B%9B%E7%94%9F%E7%B0%A1%E7%AB%A0.pdf,06-7873531#217,
佳里區,公幼,佳里國小附設幼兒園,,,,,,https://kid.tn.edu.tw/KidsAll/PDF/%E4%BD%B3%E9%87%8C%E5%9C%8B%E5%B0%8F%E9%99%84%E8%A8%AD%E5%B9%BC%E5%85%92%E5%9C%92114%E5%AD%B8%E5%B9%B4%E5%BA%A6%E6%8B%9B%E7%94%9F%E7%B0%A1%E7%AB%A0.pdf,06-7222031#705,
佳里區,公幼,佳興國小附設幼兒園,,,,,,https://kid.tn.edu.tw/KidsAll/PDF/%E4%BD%B3%E8%88%88%E5%9C%8B%E5%B0%8F%E9%99%84%E8%A8%AD%E5%B9%BC%E5%85%92%E5%9C%92114%E5%AD%B8%E5%B9%B4%E5%BA%A6%E6%8B%9B%E7%94%9F%E7%B0%A1%E7%AB%A0.pdf,06-7260311#234,
佳里區,公幼,仁愛國小附設幼兒園,,,,,,https://kid.tn.edu.tw/KidsAll/PDF/%E4%BB%81%E6%84%9B%E5%9C%8B%E5%B0%8F%E9%99%84%E8%A8%AD%E5%B9%BC%E5%85%92%E5%9C%92114%E5%AD%B8%E5%B9%B4%E5%BA%A6%E6%8B%9B%E7%94%9F%E7%B0%A1%E7%AB%A0.pdf,06-7222227#110,
佳里區,公幼,延平國小附設幼兒園,,,,,,https://kid.tn.edu.tw/KidsAll/PDF/%E5%BB%B6%E5%B9%B3%E5%9C%8B%E5%B0%8F%E9%99%84%E8%A8%AD%E5%B9%BC%E5%85%92%E5%9C%92114%E5%AD%B8%E5%B9%B4%E5%BA%A6%E6%8B%9B%E7%94%9F%E7%B0%A1%E7%AB%A0.pdf,06-7222331#701,
佳里區,公幼,子龍國小附設幼兒園,,,,,,https://kid.tn.edu.tw/KidsAll/PDF/%E5%AD%90%E9%BE%8D%E5%9C%8B%E5%B0%8F%E9%99%84%E8%A8%AD%E5%B9%BC%E5%85%92%E5%9C%92114%E5%AD%B8%E5%B9%B4%E5%BA%A6%E6%8B%9B%E7%94%9F%E7%B0%A1%E7%AB%A0.pdf,06-7262913#73,
佳里區,公幼,塭內國小附設幼兒園,,,,,,https://kid.tn.edu.tw/KidsAll/PDF/%E5%A1%AD%E5%85%A7%E5%9C%8B%E5%B0%8F%E9%99%84%E8%A8%AD%E5%B9%BC%E5%85%92%E5%9C%92114%E5%AD%B8%E5%B9%B4%E5%BA%A6%E6%8B%9B%E7%94%9F%E7%B0%A1%E7%AB%A0.pdf,06-7891054#731,
佳里區,公幼,信義國小附設幼兒園,,,,,,https://kid.tn.edu.tw/KidsAll/PDF/%E4%BF%A1%E7%BE%A9%E5%9C%8B%E5%B0%8F%E9%99%84%E8%A8%AD%E5%B9%BC%E5%85%92%E5%9C%92114%E5%AD%B8%E5%B9%B4%E5%BA%A6%E6%8B%9B%E7%94%9F%E7%B0%A1%E7%AB%A0.pdf,06-7211918#311,
佳里區,非營利,伯利恆佳里非營利幼兒園,,,,,,https://kid.tn.edu.tw/KidsAll/PDF/%E4%BC%AF%E5%88%A9%E6%81%86%E4%BD%B3%E9%87%8C%E9%9D%9E%E7%87%9F%E5%88%A9%E5%B9%BC%E5%85%92%E5%9C%92114%E5%AD%B8%E5%B9%B4%E5%BA%A6%E6%8B%9B%E7%94%9F%E7%B0%A1%E7%AB%A0.pdf,06-7215005,
佳里區,準公共,佳佳幼兒園,32,16,4,0,,https://kid.tn.edu.tw/KidsAll/PDF/%E4%BD%B3%E4%BD%B3%E5%B9%BC%E5%85%92%E5%9C%92114%E5%AD%B8%E5%B9%B4%E5%BA%A6%E6%8B%9B%E7%94%9F%E7%B0%A1%E7%AB%A0.pdf,06-7221989,
佳里區,準公共,聖三幼兒園,26,4,7,0,,https://kid.tn.edu.tw/KidsAll/PDF/%E8%81%96%E4%B8%89%E5%B9%BC%E5%85%92%E5%9C%92114%E5%AD%B8%E5%B9%B4%E5%BA%A6%E6%8B%9B%E7%94%9F%E7%B0%A1%E7%AB%A0.pdf,06-7211964,
佳里區,準公共,立人幼兒園,29,2,3,2,,https://kid.tn.edu.tw/KidsAll/PDF/%E7%AB%8B%E4%BA%BA%E5%B9%BC%E5%85%92%E5%9C%92114%E5%AD%B8%E5%B9%B4%E5%BA%A6%E6%8B%9B%E7%94%9F%E7%B0%A1%E7%AB%A0.pdf,06-7230575,
佳里區,準公共,泑潛幼兒園,14,6,13,1,,https://kid.tn.edu.tw/KidsAll/PDF/%E6%B3%91%E6%BD%9B%E5%B9%BC%E5%85%92%E5%9C%92114%E5%AD%B8%E5%B9%B4%E5%BA%A6%E6%8B%9B%E7%94%9F%E7%B0%A1%E7%AB%A0.pdf,06-7222343,
佳里區,準公共,佳里崧安幼兒園,23,2,3,2,,https://kid.tn.edu.tw/KidsAll/PDF/%E4%BD%B3%E9%87%8C%E5%B4%A7%E5%AE%89%E5%B9%BC%E5%85%92%E5%9C%92114%E5%AD%B8%E5%B9%B4%E5%BA%A6%E6%8B%9B%E7%94%9F%E7%B0%A1%E7%AB%A0.pdf,06-7235691,
佳里區,準公共,佳里劍橋幼兒園,43,16,0,0,,https://kid.tn.edu.tw/KidsAll/PDF/%E4%BD%B3%E9%87%8C%E5%8A%8D%E6%A9%8B%E5%B9%BC%E5%85%92%E5%9C%92114%E5%AD%B8%E5%B9%B4%E5%BA%A6%E6%8B%9B%E7%94%9F%E7%B0%A1%E7%AB%A0.pdf,06-7214147,
佳里區,準公共,威爾森佳里幼兒園,32,16,0,0,,https://kid.tn.edu.tw/KidsAll/PDF/%E5%A8%81%E7%88%BE%E6%A3%AE%E4%BD%B3%E9%87%8C%E5%B9%BC%E5%85%92%E5%9C%92114%E5%AD%B8%E5%B9%B4%E5%BA%A6%E6%8B%9B%E7%94%9F%E7%B0%A1%E7%AB%A0.pdf,06-7215811,
官田區,公幼,官田國小附設幼兒園,,,,,,https://kid.tn.edu.tw/KidsAll/PDF/%E5%AE%98%E7%94%B0%E5%9C%8B%E5%B0%8F%E9%99%84%E8%A8%AD%E5%B9%BC%E5%85%92%E5%9C%92114%E5%AD%B8%E5%B9%B4%E5%BA%A6%E6%8B%9B%E7%94%9F%E7%B0%A1%E7%AB%A0.pdf,06-6901195#201,
官田區,公幼,渡拔國小附設幼兒園,,,,,,https://kid.tn.edu.tw/KidsAll/PDF/%E6%B8%A1%E6%8B%94%E5%9C%8B%E5%B0%8F%E9%99%84%E8%A8%AD%E5%B9%BC%E5%85%92%E5%9C%92114%E5%AD%B8%E5%B9%B4%E5%BA%A6%E6%8B%9B%E7%94%9F%E7%B0%A1%E7%AB%A0.pdf,06-6901908#15,
官田區,公幼,隆田國小附設幼兒園,,,,,,https://kid.tn.edu.tw/KidsAll/PDF/%E9%9A%86%E7%94%B0%E5%9C%8B%E5%B0%8F%E9%99%84%E8%A8%AD%E5%B9%BC%E5%85%92%E5%9C%92114%E5%AD%B8%E5%B9%B4%E5%BA%A6%E6%8B%9B%E7%94%9F%E7%B0%A1%E7%AB%A0.pdf,06-5791047#108,
東山區,公幼,東山國小附設幼兒園,,,,,,https://kid.tn.edu.tw/KidsAll/PDF/%E6%9D%B1%E5%B1%B1%E5%9C%8B%E5%B0%8F%E9%99%84%E8%A8%AD%E5%B9%BC%E5%85%92%E5%9C%92114%E5%AD%B8%E5%B9%B4%E5%BA%A6%E6%8B%9B%E7%94%9F%E7%B0%A1%E7%AB%A0.pdf,06-6803994,
東山區,公幼,東原國小附設幼兒園,,,,,,https://kid.tn.edu.tw/KidsAll/PDF/%E6%9D%B1%E5%8E%9F%E5%9C%8B%E5%B0%8F%E9%99%84%E8%A8%AD%E5%B9%BC%E5%85%92%E5%9C%92114%E5%AD%B8%E5%B9%B4%E5%BA%A6%E6%8B%9B%E7%94%9F%E7%B0%A1%E7%AB%A0.pdf,06-6861042#101,
東山區,公幼,青山國小附設幼兒園,,,,,,https://kid.tn.edu.tw/KidsAll/PDF/%E9%9D%92%E5%B1%B1%E5%9C%8B%E5%B0%8F%E9%99%84%E8%A8%AD%E5%B9%BC%E5%85%92%E5%9C%92114%E5%AD%B8%E5%B9%B4%E5%BA%A6%E6%8B%9B%E7%94%9F%E7%B0%A1%E7%AB%A0.pdf,06-6861041#18,
東山區,公幼,吉貝耍國小附設幼兒園,,,,,,https://kid.tn.edu.tw/KidsAll/PDF/%E5%90%89%E8%B2%9D%E8%80%8D%E5%9C%8B%E5%B0%8F%E9%99%84%E8%A8%AD%E5%B9%BC%E5%85%92%E5%9C%92114%E5%AD%B8%E5%B9%B4%E5%BA%A6%E6%8B%9B%E7%94%9F%E7%B0%A1%E7%AB%A0.pdf,06-6231149#218,
東山區,公幼,聖賢國小附設幼兒園,,,,,,https://kid.tn.edu.tw/KidsAll/PDF/%E8%81%96%E8%B3%A2%E5%9C%8B%E5%B0%8F%E9%99%84%E8%A8%AD%E5%B9%BC%E5%85%92%E5%9C%92114%E5%AD%B8%E5%B9%B4%E5%BA%A6%E6%8B%9B%E7%94%9F%E7%B0%A1%E7%AB%A0.pdf,06-6353170#27,
東山區,準公共,領袖學院慈仁幼兒園,38,17,3,2,,https://kid.tn.edu.tw/KidsAll/PDF/%E9%A0%98%E8%A2%96%E5%AD%B8%E9%99%A2%E6%85%88%E4%BB%81%E5%B9%BC%E5%85%92%E5%9C%92114%E5%AD%B8%E5%B9%B4%E5%BA%A6%E6%8B%9B%E7%94%9F%E7%B0%A1%E7%AB%A0.pdf,06-6800853,
東區,公幼,博愛國小附設幼兒園,,,,,,https://kid.tn.edu.tw/KidsAll/PDF/%E5%8D%9A%E6%84%9B%E5%9C%8B%E5%B0%8F%E9%99%84%E8%A8%AD%E5%B9%BC%E5%85%92%E5%9C%92114%E5%AD%B8%E5%B9%B4%E5%BA%A6%E6%8B%9B%E7%94%9F%E7%B0%A1%E7%AB%A0.pdf,06-2361723#812,
東區,公幼,崇明國小附設幼兒園,,,,,,https://kid.tn.edu.tw/KidsAll/PDF/%E5%B4%87%E6%98%8E%E5%9C%8B%E5%B0%8F%E9%99%84%E8%A8%AD%E5%B9%BC%E5%85%92%E5%9C%92114%E5%AD%B8%E5%B9%B4%E5%BA%A6%E6%8B%9B%E7%94%9F%E7%B0%A1%E7%AB%A0.pdf,06-2673330#1002,
東區,公幼,崇學國小附設幼兒園,,,,,,https://kid.tn.edu.tw/KidsAll/PDF/%E5%B4%87%E5%AD%B8%E5%9C%8B%E5%B0%8F%E9%99%84%E8%A8%AD%E5%B9%BC%E5%85%92%E5%9C%92114%E5%AD%B8%E5%B9%B4%E5%BA%A6%E6%8B%9B%E7%94%9F%E7%B0%A1%E7%AB%A0.pdf,06-2689951#123,
東區,公幼,復興國小附設幼兒園,,,,,,https://kid.tn.edu.tw/KidsAll/PDF/%E5%BE%A9%E8%88%88%E5%9C%8B%E5%B0%8F%E9%99%84%E8%A8%AD%E5%B9%BC%E5%85%92%E5%9C%92114%E5%AD%B8%E5%B9%B4%E5%BA%A6%E6%8B%9B%E7%94%9F%E7%B0%A1%E7%AB%A0.pdf,06-3319168,
東區,公幼,大同國小附設幼兒園,,,,,,https://kid.tn.edu.tw/KidsAll/PDF/%E5%A4%A7%E5%90%8C%E5%9C%8B%E5%B0%8F%E9%99%84%E8%A8%AD%E5%B9%BC%E5%85%92%E5%9C%92114%E5%AD%B8%E5%B9%B4%E5%BA%A6%E6%8B%9B%E7%94%9F%E7%B0%A1%E7%AB%A0.pdf,06-2151761#862,
東區,公幼,德高國小附設幼兒園,,,,,,https://kid.tn.edu.tw/KidsAll/PDF/%E5%BE%B7%E9%AB%98%E5%9C%8B%E5%B0%8F%E9%99%84%E8%A8%AD%E5%B9%BC%E5%85%92%E5%9C%92114%E5%AD%B8%E5%B9%B4%E5%BA%A6%E6%8B%9B%E7%94%9F%E7%B0%A1%E7%AB%A0.pdf,06-2681891#811,
東區,公幼,勝利國小附設幼兒園,,,,,,https://kid.tn.edu.tw/KidsAll/PDF/%E5%8B%9D%E5%88%A9%E5%9C%8B%E5%B0%8F%E9%99%84%E8%A8%AD%E5%B9%BC%E5%85%92%E5%9C%92114%E5%AD%B8%E5%B9%B4%E5%BA%A6%E6%8B%9B%E7%94%9F%E7%B0%A1%E7%AB%A0.pdf,06-2372982#3112,
東區,公幼,東光國小附設幼兒園,,,,,,https://kid.tn.edu.tw/KidsAll/PDF/%E6%9D%B1%E5%85%89%E5%9C%8B%E5%B0%8F%E9%99%84%E8%A8%AD%E5%B9%BC%E5%85%92%E5%9C%92114%E5%AD%B8%E5%B9%B4%E5%BA%A6%E6%8B%9B%E7%94%9F%E7%B0%A1%E7%AB%A0.pdf,06-2376534#722,
東區,公幼,忠孝國中附設幼兒園,,,,,,https://kid.tn.edu.tw/KidsAll/PDF/%E5%BF%A0%E5%AD%9D%E5%9C%8B%E4%B8%AD%E9%99%84%E8%A8%AD%E5%B9%BC%E5%85%92%E5%9C%92114%E5%AD%B8%E5%B9%B4%E5%BA%A6%E6%8B%9B%E7%94%9F%E7%B0%A1%E7%AB%A0.pdf,06-2670495#171,
東區,非營利,全人裕文非營利幼兒園,,,,,,https://kid.tn.edu.tw/KidsAll/PDF/%E5%85%A8%E4%BA%BA%E8%A3%95%E6%96%87%E9%9D%9E%E7%87%9F%E5%88%A9%E5%B9%BC%E5%85%92%E5%9C%92114%E5%AD%B8%E5%B9%B4%E5%BA%A6%E6%8B%9B%E7%94%9F%E7%B0%A1%E7%AB%A0.pdf,06-2085810,
東區,非營利,臺灣文學館員工子女非營利幼兒園,,,,,,https://kid.tn.edu.tw/KidsAll/PDF/%E8%87%BA%E7%81%A3%E6%96%87%E5%AD%B8%E9%A4%A8%E5%93%A1%E5%B7%A5%E5%AD%90%E5%A5%B3%E9%9D%9E%E7%87%9F%E5%88%A9%E5%B9%BC%E5%85%92%E5%9C%92114%E5%AD%B8%E5%B9%B4%E5%BA%A6%E6%8B%9B%E7%94%9F%E7%B0%A1%E7%AB%A0.pdf,06-2201239,
東區,非營利,成大員工子女非營利幼兒園,,,,,,https://kid.tn.edu.tw/KidsAll/PDF/%E6%88%90%E5%A4%A7%E5%93%A1%E5%B7%A5%E5%AD%90%E5%A5%B3%E9%9D%9E%E7%87%9F%E5%88%A9%E5%B9%BC%E5%85%92%E5%9C%92114%E5%AD%B8%E5%B9%B4%E5%BA%A6%E6%8B%9B%E7%94%9F%E7%B0%A1%E7%AB%A0.pdf,06-2757575#36030,
東區,準公共,耶魯幼兒園,15,29,21,7,,https://kid.tn.edu.tw/KidsAll/PDF/%E8%80%B6%E9%AD%AF%E5%B9%BC%E5%85%92%E5%9C%92114%E5%AD%B8%E5%B9%B4%E5%BA%A6%E6%8B%9B%E7%94%9F%E7%B0%A1%E7%AB%A0.pdf,06-2699630,
東區,準公共,傑尼爾至善幼兒園,30,19,11,4,,https://kid.tn.edu.tw/KidsAll/PDF/%E5%82%91%E5%B0%BC%E7%88%BE%E8%87%B3%E5%96%84%E5%B9%BC%E5%85%92%E5%9C%92114%E5%AD%B8%E5%B9%B4%E5%BA%A6%E6%8B%9B%E7%94%9F%E7%B0%A1%E7%AB%A0.pdf,06-2897540,
東區,準公共,輔大幼兒園,26,9,2,0,,https://kid.tn.edu.tw/KidsAll/PDF/%E8%BC%94%E5%A4%A7%E5%B9%BC%E5%85%92%E5%9C%92114%E5%AD%B8%E5%B9%B4%E5%BA%A6%E6%8B%9B%E7%94%9F%E7%B0%A1%E7%AB%A0.pdf,06-2894186,
東區,準公共,文林幼兒園,57,53,38,3,,https://kid.tn.edu.tw/KidsAll/PDF/%E6%96%87%E6%9E%97%E5%B9%BC%E5%85%92%E5%9C%92114%E5%AD%B8%E5%B9%B4%E5%BA%A6%E6%8B%9B%E7%94%9F%E7%B0%A1%E7%AB%A0.pdf,06-2378378,
東區,準公共,威爾森德高幼兒園,44,46,14,19,,https://kid.tn.edu.tw/KidsAll/PDF/%E5%A8%81%E7%88%BE%E6%A3%AE%E5%BE%B7%E9%AB%98%E5%B9%BC%E5%85%92%E5%9C%92114%E5%AD%B8%E5%B9%B4%E5%BA%A6%E6%8B%9B%E7%94%9F%E7%B0%A1%E7%AB%A0.pdf,06-2905460,
東區,準公共,劍聲國際幼兒園,0,12,12,11,,https://kid.tn.edu.tw/KidsAll/PDF/%E5%8A%8D%E8%81%B2%E5%9C%8B%E9%9A%9B%E5%B9%BC%E5%85%92%E5%9C%92114%E5%AD%B8%E5%B9%B4%E5%BA%A6%E6%8B%9B%E7%94%9F%E7%B0%A1%E7%AB%A0.pdf,06-2908872,
東區,準公共,伊凡卡幼兒園,31,6,4,2,,https://kid.tn.edu.tw/KidsAll/PDF/%E4%BC%8A%E5%87%A1%E5%8D%A1%E5%B9%BC%E5%85%92%E5%9C%92114%E5%AD%B8%E5%B9%B4%E5%BA%A6%E6%8B%9B%E7%94%9F%E7%B0%A1%E7%AB%A0.pdf,06-2687999,
東區,準公共,維多利亞人文藝術幼兒園,24,1,4,7,,https://kid.tn.edu.tw/KidsAll/PDF/%E7%B6%AD%E5%A4%9A%E5%88%A9%E4%BA%9E%E4%BA%BA%E6%96%87%E8%97%9D%E8%A1%93%E5%B9%BC%E5%85%92%E5%9C%92114%E5%AD%B8%E5%B9%B4%E5%BA%A6%E6%8B%9B%E7%94%9F%E7%B0%A1%E7%AB%A0.pdf,06-2900807,
東區,準公共,新世代人文藝術幼兒園,14,12,6,1,,https://kid.tn.edu.tw/KidsAll/PDF/%E6%96%B0%E4%B8%96%E4%BB%A3%E4%BA%BA%E6%96%87%E8%97%9D%E8%A1%93%E5%B9%BC%E5%85%92%E5%9C%92114%E5%AD%B8%E5%B9%B4%E5%BA%A6%E6%8B%9B%E7%94%9F%E7%B0%A1%E7%AB%A0.pdf,06-2370639,
東區,準公共,後甲幼兒園,16,6,2,0,,https://kid.tn.edu.tw/KidsAll/PDF/%E5%BE%8C%E7%94%B2%E5%B9%BC%E5%85%92%E5%9C%92114%E5%AD%B8%E5%B9%B4%E5%BA%A6%E6%8B%9B%E7%94%9F%E7%B0%A1%E7%AB%A0.pdf,06-2692204,
東區,準公共,小太陽幼兒園,29,12,9,6,,https://kid.tn.edu.tw/KidsAll/PDF/%E5%B0%8F%E5%A4%AA%E9%99%BD%E5%B9%BC%E5%85%92%E5%9C%92114%E5%AD%B8%E5%B9%B4%E5%BA%A6%E6%8B%9B%E7%94%9F%E7%B0%A1%E7%AB%A0.pdf,06-2360869,
東區,準公共,崇德幼兒園,38,19,1,2,,https://kid.tn.edu.tw/KidsAll/PDF/%E5%B4%87%E5%BE%B7%E5%B9%BC%E5%85%92%E5%9C%92114%E5%AD%B8%E5%B9%B4%E5%BA%A6%E6%8B%9B%E7%94%9F%E7%B0%A1%E7%AB%A0.pdf,06-2609843,
東區,準公共,德妮勁寶兒幼兒園,15,0,0,0,,https://kid.tn.edu.tw/KidsAll/PDF/%E5%BE%B7%E5%A6%AE%E5%8B%81%E5%AF%B6%E5%85%92%E5%B9%BC%E5%85%92%E5%9C%92114%E5%AD%B8%E5%B9%B4%E5%BA%A6%E6%8B%9B%E7%94%9F%E7%B0%A1%E7%AB%A0.pdf,06-2686821,
東區,準公共,傑尼爾富農幼兒園,22,7,9,5,,https://kid.tn.edu.tw/KidsAll/PDF/%E5%82%91%E5%B0%BC%E7%88%BE%E5%AF%8C%E8%BE%B2%E5%B9%BC%E5%85%92%E5%9C%92114%E5%AD%B8%E5%B9%B4%E5%BA%A6%E6%8B%9B%E7%94%9F%E7%B0%A1%E7%AB%A0.pdf,06-2906768,
東區,準公共,童話世界幼兒園,11,24,14,1,,https://kid.tn.edu.tw/KidsAll/PDF/%E7%AB%A5%E8%A9%B1%E4%B8%96%E7%95%8C%E5%B9%BC%E5%85%92%E5%9C%92114%E5%AD%B8%E5%B9%B4%E5%BA%A6%E6%8B%9B%E7%94%9F%E7%B0%A1%E7%AB%A0.pdf,06-2603477,
東區,準公共,劍聲幼兒園,16,4,1,0,,https://kid.tn.edu.tw/KidsAll/PDF/%E5%8A%8D%E8%81%B2%E5%B9%BC%E5%85%92%E5%9C%92114%E5%AD%B8%E5%B9%B4%E5%BA%A6%E6%8B%9B%E7%94%9F%E7%B0%A1%E7%AB%A0.pdf,06-2691439,
東區,準公共,威斯康辛幼兒園,28,8,8,8,,https://kid.tn.edu.tw/KidsAll/PDF/%E5%A8%81%E6%96%AF%E5%BA%B7%E8%BE%9B%E5%B9%BC%E5%85%92%E5%9C%92114%E5%AD%B8%E5%B9%B4%E5%BA%A6%E6%8B%9B%E7%94%9F%E7%B0%A1%E7%AB%A0.pdf,06-2896616,
東區,準公共,愛麗兒幼兒園,8,1,0,0,,https://kid.tn.edu.tw/KidsAll/PDF/%E6%84%9B%E9%BA%97%E5%85%92%E5%B9%BC%E5%85%92%E5%9C%92114%E5%AD%B8%E5%B9%B4%E5%BA%A6%E6%8B%9B%E7%94%9F%E7%B0%A1%E7%AB%A0.pdf,06-2006156,
東區,準公共,仁和幼兒園,23,7,0,0,,https://kid.tn.edu.tw/KidsAll/PDF/%E4%BB%81%E5%92%8C%E5%B9%BC%E5%85%92%E5%9C%92114%E5%AD%B8%E5%B9%B4%E5%BA%A6%E6%8B%9B%E7%94%9F%E7%B0%A1%E7%AB%A0.pdf,06-2684079,
東區,準公共,德光幼兒園,28,36,16,9,,https://kid.tn.edu.tw/KidsAll/PDF/%E5%BE%B7%E5%85%89%E5%B9%BC%E5%85%92%E5%9C%92114%E5%AD%B8%E5%B9%B4%E5%BA%A6%E6%8B%9B%E7%94%9F%E7%B0%A1%E7%AB%A0.pdf,06-2691995,
東區,準公共,牧群幼兒園,16,8,8,2,,https://kid.tn.edu.tw/KidsAll/PDF/%E7%89%A7%E7%BE%A4%E5%B9%BC%E5%85%92%E5%9C%92114%E5%AD%B8%E5%B9%B4%E5%BA%A6%E6%8B%9B%E7%94%9F%E7%B0%A1%E7%AB%A0.pdf,06-3310700,
南化區,公幼,南化國小附設幼兒園,,,,,,https://kid.tn.edu.tw/KidsAll/PDF/%E5%8D%97%E5%8C%96%E5%9C%8B%E5%B0%8F%E9%99%84%E8%A8%AD%E5%B9%BC%E5%85%92%E5%9C%92114%E5%AD%B8%E5%B9%B4%E5%BA%A6%E6%8B%9B%E7%94%9F%E7%B0%A1%E7%AB%A0.pdf,06-5771118#27,
南化區,公幼,北寮國小附設幼兒園,,,,,,https://kid.tn.edu.tw/KidsAll/PDF/%E5%8C%97%E5%AF%AE%E5%9C%8B%E5%B0%8F%E9%99%84%E8%A8%AD%E5%B9%BC%E5%85%92%E5%9C%92114%E5%AD%B8%E5%B9%B4%E5%BA%A6%E6%8B%9B%E7%94%9F%E7%B0%A1%E7%AB%A0.pdf,06-5772215#211,
南化區,公幼,瑞峰國小附設幼兒園,,,,,,https://kid.tn.edu.tw/KidsAll/PDF/%E7%91%9E%E5%B3%B0%E5%9C%8B%E5%B0%8F%E9%99%84%E8%A8%AD%E5%B9%BC%E5%85%92%E5%9C%92114%E5%AD%B8%E5%B9%B4%E5%BA%A6%E6%8B%9B%E7%94%9F%E7%B0%A1%E7%AB%A0.pdf,06-5770093#172,
南區,公幼,喜樹國小附設幼兒園,,,,,,https://kid.tn.edu.tw/KidsAll/PDF/%E5%96%9C%E6%A8%B9%E5%9C%8B%E5%B0%8F%E9%99%84%E8%A8%AD%E5%B9%BC%E5%85%92%E5%9C%92114%E5%AD%B8%E5%B9%B4%E5%BA%A6%E6%8B%9B%E7%94%9F%E7%B0%A1%E7%AB%A0.pdf,06-2622462#1713,
南區,公幼,臺南市立第二幼兒園,,,,,,https://kid.tn.edu.tw/KidsAll/PDF/%E8%87%BA%E5%8D%97%E5%B8%82%E7%AB%8B%E7%AC%AC%E4%BA%8C%E5%B9%BC%E5%85%92%E5%9C%92114%E5%AD%B8%E5%B9%B4%E5%BA%A6%E6%8B%9B%E7%94%9F%E7%B0%A1%E7%AB%A0.pdf,06-2657334,
南區,公幼,臺南市立第二幼兒園明德分班,,,,,,https://kid.tn.edu.tw/KidsAll/PDF/%E8%87%BA%E5%8D%97%E5%B8%82%E7%AB%8B%E7%AC%AC%E4%BA%8C%E5%B9%BC%E5%85%92%E5%9C%92%E6%98%8E%E5%BE%B7%E5%88%86%E7%8F%AD114%E5%AD%B8%E5%B9%B4%E5%BA%A6%E6%8B%9B%E7%94%9F%E7%B0%A1%E7%AB%A0.pdf,06-2657334,
南區,公幼,日新國小附設幼兒園,,,,,,https://kid.tn.edu.tw/KidsAll/PDF/%E6%97%A5%E6%96%B0%E5%9C%8B%E5%B0%8F%E9%99%84%E8%A8%AD%E5%B9%BC%E5%85%92%E5%9C%92114%E5%AD%B8%E5%B9%B4%E5%BA%A6%E6%8B%9B%E7%94%9F%E7%B0%A1%E7%AB%A0.pdf,06-2916798,
南區,公幼,龍崗國小附設幼兒園,,,,,,https://kid.tn.edu.tw/KidsAll/PDF/%E9%BE%8D%E5%B4%97%E5%9C%8B%E5%B0%8F%E9%99%84%E8%A8%AD%E5%B9%BC%E5%85%92%E5%9C%92114%E5%AD%B8%E5%B9%B4%E5%BA%A6%E6%8B%9B%E7%94%9F%E7%B0%A1%E7%AB%A0.pdf,06-2629690,
南區,公幼,省躬國小附設幼兒園,,,,,,https://kid.tn.edu.tw/KidsAll/PDF/%E7%9C%81%E8%BA%AC%E5%9C%8B%E5%B0%8F%E9%99%84%E8%A8%AD%E5%B9%BC%E5%85%92%E5%9C%92114%E5%AD%B8%E5%B9%B4%E5%BA%A6%E6%8B%9B%E7%94%9F%E7%B0%A1%E7%AB%A0.pdf,06-2622460#860,
南區,公幼,永華國小附設幼兒園,,,,,,https://kid.tn.edu.tw/KidsAll/PDF/%E6%B0%B8%E8%8F%AF%E5%9C%8B%E5%B0%8F%E9%99%84%E8%A8%AD%E5%B9%BC%E5%85%92%E5%9C%92114%E5%AD%B8%E5%B9%B4%E5%BA%A6%E6%8B%9B%E7%94%9F%E7%B0%A1%E7%AB%A0.pdf,06-2647003,
南區,公幼,新興國小附設幼兒園,,,,,,https://kid.tn.edu.tw/KidsAll/PDF/%E6%96%B0%E8%88%88%E5%9C%8B%E5%B0%8F%E9%99%84%E8%A8%AD%E5%B9%BC%E5%85%92%E5%9C%92114%E5%AD%B8%E5%B9%B4%E5%BA%A6%E6%8B%9B%E7%94%9F%E7%B0%A1%E7%AB%A0.pdf,06-2617452#891,
南區,非營利,擇仁非營利幼兒園,,,,,,https://kid.tn.edu.tw/KidsAll/PDF/%E6%93%87%E4%BB%81%E9%9D%9E%E7%87%9F%E5%88%A9%E5%B9%BC%E5%85%92%E5%9C%92114%E5%AD%B8%E5%B9%B4%E5%BA%A6%E6%8B%9B%E7%94%9F%E7%B0%A1%E7%AB%A0.pdf,06-7030435,
南區,非營利,水交社非營利幼兒園,,,,,,https://kid.tn.edu.tw/KidsAll/PDF/%E6%B0%B4%E4%BA%A4%E7%A4%BE%E9%9D%9E%E7%87%9F%E5%88%A9%E5%B9%BC%E5%85%92%E5%9C%92114%E5%AD%B8%E5%B9%B4%E5%BA%A6%E6%8B%9B%E7%94%9F%E7%B0%A1%E7%AB%A0.pdf,06-2642161,
南區,準公共,寶貝德蘭幼兒園,15,6,2,0,,https://kid.tn.edu.tw/KidsAll/PDF/%E5%AF%B6%E8%B2%9D%E5%BE%B7%E8%98%AD%E5%B9%BC%E5%85%92%E5%9C%92114%E5%AD%B8%E5%B9%B4%E5%BA%A6%E6%8B%9B%E7%94%9F%E7%B0%A1%E7%AB%A0.pdf,06-2617842,
南區,準公共,新迪斯奈幼兒園,15,11,1,0,,https://kid.tn.edu.tw/KidsAll/PDF/%E6%96%B0%E8%BF%AA%E6%96%AF%E5%A5%88%E5%B9%BC%E5%85%92%E5%9C%92114%E5%AD%B8%E5%B9%B4%E5%BA%A6%E6%8B%9B%E7%94%9F%E7%B0%A1%E7%AB%A0.pdf,06-2911055,
南區,準公共,幼芽幼兒園,23,0,0,0,,https://kid.tn.edu.tw/KidsAll/PDF/%E5%B9%BC%E8%8A%BD%E5%B9%BC%E5%85%92%E5%9C%92114%E5%AD%B8%E5%B9%B4%E5%BA%A6%E6%8B%9B%E7%94%9F%E7%B0%A1%E7%AB%A0.pdf,06-2913217,
南區,準公共,艾的佳幼兒園,73,32,29,33,,https://kid.tn.edu.tw/KidsAll/PDF/%E8%89%BE%E7%9A%84%E4%BD%B3%E5%B9%BC%E5%85%92%E5%9C%92114%E5%AD%B8%E5%B9%B4%E5%BA%A6%E6%8B%9B%E7%94%9F%E7%B0%A1%E7%AB%A0.pdf,06-2655333,
南區,準公共,大成幼兒園,13,2,1,0,,https://kid.tn.edu.tw/KidsAll/PDF/%E5%A4%A7%E6%88%90%E5%B9%BC%E5%85%92%E5%9C%92114%E5%AD%B8%E5%B9%B4%E5%BA%A6%E6%8B%9B%E7%94%9F%E7%B0%A1%E7%AB%A0.pdf,06-2611671,
南區,準公共,金蘋果幼兒園,17,14,1,0,,https://kid.tn.edu.tw/KidsAll/PDF/%E9%87%91%E8%98%8B%E6%9E%9C%E5%B9%BC%E5%85%92%E5%9C%92114%E5%AD%B8%E5%B9%B4%E5%BA%A6%E6%8B%9B%E7%94%9F%E7%B0%A1%E7%AB%A0.pdf,06-2633168,
南區,準公共,欣惠群幼兒園,28,7,10,3,,https://kid.tn.edu.tw/KidsAll/PDF/%E6%AC%A3%E6%83%A0%E7%BE%A4%E5%B9%BC%E5%85%92%E5%9C%92114%E5%AD%B8%E5%B9%B4%E5%BA%A6%E6%8B%9B%E7%94%9F%E7%B0%A1%E7%AB%A0.pdf,06-2677722,
南區,準公共,快樂幼兒園,44,28,2,0,,https://kid.tn.edu.tw/KidsAll/PDF/%E5%BF%AB%E6%A8%82%E5%B9%BC%E5%85%92%E5%9C%92114%E5%AD%B8%E5%B9%B4%E5%BA%A6%E6%8B%9B%E7%94%9F%E7%B0%A1%E7%AB%A0.pdf,06-2637941,
南區,準公共,勝利幼兒園,32,30,1,0,,https://kid.tn.edu.tw/KidsAll/PDF/%E5%8B%9D%E5%88%A9%E5%B9%BC%E5%85%92%E5%9C%92114%E5%AD%B8%E5%B9%B4%E5%BA%A6%E6%8B%9B%E7%94%9F%E7%B0%A1%E7%AB%A0.pdf,06-2629727,
南區,準公共,紅蘋果幼兒園,28,27,1,1,,https://kid.tn.edu.tw/KidsAll/PDF/%E7%B4%85%E8%98%8B%E6%9E%9C%E5%B9%BC%E5%85%92%E5%9C%92114%E5%AD%B8%E5%B9%B4%E5%BA%A6%E6%8B%9B%E7%94%9F%E7%B0%A1%E7%AB%A0.pdf,06-2918796,
南區,準公共,聖兒幼兒園,31,25,0,0,,https://kid.tn.edu.tw/KidsAll/PDF/%E8%81%96%E5%85%92%E5%B9%BC%E5%85%92%E5%9C%92114%E5%AD%B8%E5%B9%B4%E5%BA%A6%E6%8B%9B%E7%94%9F%E7%B0%A1%E7%AB%A0.pdf,06-2622090,
南區,準公共,博學幼兒園,11,2,5,0,,https://kid.tn.edu.tw/KidsAll/PDF/%E5%8D%9A%E5%AD%B8%E5%B9%BC%E5%85%92%E5%9C%92114%E5%AD%B8%E5%B9%B4%E5%BA%A6%E6%8B%9B%E7%94%9F%E7%B0%A1%E7%AB%A0.pdf,06-2614527,
南區,準公共,新育光幼兒園,15,21,22,20,,https://kid.tn.edu.tw/KidsAll/PDF/%E6%96%B0%E8%82%B2%E5%85%89%E5%B9%BC%E5%85%92%E5%9C%92114%E5%AD%B8%E5%B9%B4%E5%BA%A6%E6%8B%9B%E7%94%9F%E7%B0%A1%E7%AB%A0.pdf,06-2229381,
南區,準公共,米爾頓幼兒園,32,11,0,0,,https://kid.tn.edu.tw/KidsAll/PDF/%E7%B1%B3%E7%88%BE%E9%A0%93%E5%B9%BC%E5%85%92%E5%9C%92114%E5%AD%B8%E5%B9%B4%E5%BA%A6%E6%8B%9B%E7%94%9F%E7%B0%A1%E7%AB%A0.pdf,06-2964955,
南區,準公共,誠品園幼兒園,13,3,4,0,,https://kid.tn.edu.tw/KidsAll/PDF/%E8%AA%A0%E5%93%81%E5%9C%92%E5%B9%BC%E5%85%92%E5%9C%92114%E5%AD%B8%E5%B9%B4%E5%BA%A6%E6%8B%9B%E7%94%9F%E7%B0%A1%E7%AB%A0.pdf,06-2215678,
南區,準公共,欣苗幼兒園,3,0,0,0,,https://kid.tn.edu.tw/KidsAll/PDF/%E6%AC%A3%E8%8B%97%E5%B9%BC%E5%85%92%E5%9C%92114%E5%AD%B8%E5%B9%B4%E5%BA%A6%E6%8B%9B%E7%94%9F%E7%B0%A1%E7%AB%A0.pdf,06-2145625,
後壁區,公幼,菁寮國小附設幼兒園,,,,,,https://kid.tn.edu.tw/KidsAll/PDF/%E8%8F%81%E5%AF%AE%E5%9C%8B%E5%B0%8F%E9%99%84%E8%A8%AD%E5%B9%BC%E5%85%92%E5%9C%92114%E5%AD%B8%E5%B9%B4%E5%BA%A6%E6%8B%9B%E7%94%9F%E7%B0%A1%E7%AB%A0.pdf,06-6621271#207,
後壁區,公幼,後壁國小附設幼兒園,,,,,,https://kid.tn.edu.tw/KidsAll/PDF/%E5%BE%8C%E5%A3%81%E5%9C%8B%E5%B0%8F%E9%99%84%E8%A8%AD%E5%B9%BC%E5%85%92%E5%9C%92114%E5%AD%B8%E5%B9%B4%E5%BA%A6%E6%8B%9B%E7%94%9F%E7%B0%A1%E7%AB%A0.pdf,06-6872915#54,
後壁區,公幼,安溪國小附設幼兒園,,,,,,https://kid.tn.edu.tw/KidsAll/PDF/%E5%AE%89%E6%BA%AA%E5%9C%8B%E5%B0%8F%E9%99%84%E8%A8%AD%E5%B9%BC%E5%85%92%E5%9C%92114%E5%AD%B8%E5%B9%B4%E5%BA%A6%E6%8B%9B%E7%94%9F%E7%B0%A1%E7%AB%A0.pdf,06-6361535#210,
後壁區,公幼,新東國小附設幼兒園,,,,,,https://kid.tn.edu.tw/KidsAll/PDF/%E6%96%B0%E6%9D%B1%E5%9C%8B%E5%B0%8F%E9%99%84%E8%A8%AD%E5%B9%BC%E5%85%92%E5%9C%92114%E5%AD%B8%E5%B9%B4%E5%BA%A6%E6%8B%9B%E7%94%9F%E7%B0%A1%E7%AB%A0.pdf,06-6320902#301,
後壁區,公幼,新嘉國小附設幼兒園,,,,,,https://kid.tn.edu.tw/KidsAll/PDF/%E6%96%B0%E5%98%89%E5%9C%8B%E5%B0%8F%E9%99%84%E8%A8%AD%E5%B9%BC%E5%85%92%E5%9C%92114%E5%AD%B8%E5%B9%B4%E5%BA%A6%E6%8B%9B%E7%94%9F%E7%B0%A1%E7%AB%A0.pdf,06-6621981#10,
後壁區,準公共,名人幼兒園,31,16,7,0,,https://kid.tn.edu.tw/KidsAll/PDF/%E5%90%8D%E4%BA%BA%E5%B9%BC%E5%85%92%E5%9C%92114%E5%AD%B8%E5%B9%B4%E5%BA%A6%E6%8B%9B%E7%94%9F%E7%B0%A1%E7%AB%A0.pdf,06-6881063,
後壁區,準公共,開心幼兒園,32,16,1,0,,https://kid.tn.edu.tw/KidsAll/PDF/%E9%96%8B%E5%BF%83%E5%B9%BC%E5%85%92%E5%9C%92114%E5%AD%B8%E5%B9%B4%E5%BA%A6%E6%8B%9B%E7%94%9F%E7%B0%A1%E7%AB%A0.pdf,06-6872793,
柳營區,公幼,柳營國小附設幼兒園,,,,,,https://kid.tn.edu.tw/KidsAll/PDF/%E6%9F%B3%E7%87%9F%E5%9C%8B%E5%B0%8F%E9%99%84%E8%A8%AD%E5%B9%BC%E5%85%92%E5%9C%92114%E5%AD%B8%E5%B9%B4%E5%BA%A6%E6%8B%9B%E7%94%9F%E7%B0%A1%E7%AB%A0.pdf,06-6222124#108,
柳營區,公幼,果毅國小附設幼兒園,,,,,,https://kid.tn.edu.tw/KidsAll/PDF/%E6%9E%9C%E6%AF%85%E5%9C%8B%E5%B0%8F%E9%99%84%E8%A8%AD%E5%B9%BC%E5%85%92%E5%9C%92114%E5%AD%B8%E5%B9%B4%E5%BA%A6%E6%8B%9B%E7%94%9F%E7%B0%A1%E7%AB%A0.pdf,06-6231310#271,
柳營區,公幼,重溪國小附設幼兒園,,,,,,https://kid.tn.edu.tw/KidsAll/PDF/%E9%87%8D%E6%BA%AA%E5%9C%8B%E5%B0%8F%E9%99%84%E8%A8%AD%E5%B9%BC%E5%85%92%E5%9C%92114%E5%AD%B8%E5%B9%B4%E5%BA%A6%E6%8B%9B%E7%94%9F%E7%B0%A1%E7%AB%A0.pdf,06-6231760,
柳營區,公幼,太康國小附設幼兒園,,,,,,https://kid.tn.edu.tw/KidsAll/PDF/%E5%A4%AA%E5%BA%B7%E5%9C%8B%E5%B0%8F%E9%99%84%E8%A8%AD%E5%B9%BC%E5%85%92%E5%9C%92114%E5%AD%B8%E5%B9%B4%E5%BA%A6%E6%8B%9B%E7%94%9F%E7%B0%A1%E7%AB%A0.pdf,06-6220684#20,
柳營區,公幼,新山國小附設幼兒園,,,,,,https://kid.tn.edu.tw/KidsAll/PDF/%E6%96%B0%E5%B1%B1%E5%9C%8B%E5%B0%8F%E9%99%84%E8%A8%AD%E5%B9%BC%E5%85%92%E5%9C%92114%E5%AD%B8%E5%B9%B4%E5%BA%A6%E6%8B%9B%E7%94%9F%E7%B0%A1%E7%AB%A0.pdf,06-6231140#67,
柳營區,準公共,欣榮幼兒園,21,22,5,0,,https://kid.tn.edu.tw/KidsAll/PDF/%E6%AC%A3%E6%A6%AE%E5%B9%BC%E5%85%92%E5%9C%92114%E5%AD%B8%E5%B9%B4%E5%BA%A6%E6%8B%9B%E7%94%9F%E7%B0%A1%E7%AB%A0.pdf,06-6222456,
柳營區,準公共,小袋鼠幼兒園,11,4,2,1,,https://kid.tn.edu.tw/KidsAll/PDF/%E5%B0%8F%E8%A2%8B%E9%BC%A0%E5%B9%BC%E5%85%92%E5%9C%92114%E5%AD%B8%E5%B9%B4%E5%BA%A6%E6%8B%9B%E7%94%9F%E7%B0%A1%E7%AB%A0.pdf,06-6225104,
柳營區,準公共,華一幼兒園,18,3,2,0,,https://kid.tn.edu.tw/KidsAll/PDF/%E8%8F%AF%E4%B8%80%E5%B9%BC%E5%85%92%E5%9C%92114%E5%AD%B8%E5%B9%B4%E5%BA%A6%E6%8B%9B%E7%94%9F%E7%B0%A1%E7%AB%A0.pdf,06-6223123,
柳營區,準公共,貝特幼兒園,15,9,0,1,,https://kid.tn.edu.tw/KidsAll/PDF/%E8%B2%9D%E7%89%B9%E5%B9%BC%E5%85%92%E5%9C%92114%E5%AD%B8%E5%B9%B4%E5%BA%A6%E6%8B%9B%E7%94%9F%E7%B0%A1%E7%AB%A0.pdf,06-6235197,
柳營區,準公共,夏綠蒂幼兒園,8,4,1,0,,https://kid.tn.edu.tw/KidsAll/PDF/%E5%A4%8F%E7%B6%A0%E8%92%82%E5%B9%BC%E5%85%92%E5%9C%92114%E5%AD%B8%E5%B9%B4%E5%BA%A6%E6%8B%9B%E7%94%9F%E7%B0%A1%E7%AB%A0.pdf,06-6226209,
將軍區,公幼,漚汪國小附設幼兒園,,,,,,https://kid.tn.edu.tw/KidsAll/PDF/%E6%BC%9A%E6%B1%AA%E5%9C%8B%E5%B0%8F%E9%99%84%E8%A8%AD%E5%B9%BC%E5%85%92%E5%9C%92114%E5%AD%B8%E5%B9%B4%E5%BA%A6%E6%8B%9B%E7%94%9F%E7%B0%A1%E7%AB%A0.pdf,06-7942012#702,
將軍區,公幼,鯤鯓國小附設幼兒園,,,,,,https://kid.tn.edu.tw/KidsAll/PDF/%E9%AF%A4%E9%AF%93%E5%9C%8B%E5%B0%8F%E9%99%84%E8%A8%AD%E5%B9%BC%E5%85%92%E5%9C%92114%E5%AD%B8%E5%B9%B4%E5%BA%A6%E6%8B%9B%E7%94%9F%E7%B0%A1%E7%AB%A0.pdf,06-7920185#104,
將軍區,公幼,臺南市立將軍幼兒園,,,,,,https://kid.tn.edu.tw/KidsAll/PDF/%E8%87%BA%E5%8D%97%E5%B8%82%E7%AB%8B%E5%B0%87%E8%BB%8D%E5%B9%BC%E5%85%92%E5%9C%92114%E5%AD%B8%E5%B9%B4%E5%BA%A6%E6%8B%9B%E7%94%9F%E7%B0%A1%E7%AB%A0.pdf,06-7931335#216,
將軍區,公幼,將軍國小附設幼兒園,,,,,,https://kid.tn.edu.tw/KidsAll/PDF/%E5%B0%87%E8%BB%8D%E5%9C%8B%E5%B0%8F%E9%99%84%E8%A8%AD%E5%B9%BC%E5%85%92%E5%9C%92114%E5%AD%B8%E5%B9%B4%E5%BA%A6%E6%8B%9B%E7%94%9F%E7%B0%A1%E7%AB%A0.pdf,06-7942034#215,
將軍區,公幼,苓和國小附設幼兒園,,,,,,https://kid.tn.edu.tw/KidsAll/PDF/%E8%8B%93%E5%92%8C%E5%9C%8B%E5%B0%8F%E9%99%84%E8%A8%AD%E5%B9%BC%E5%85%92%E5%9C%92114%E5%AD%B8%E5%B9%B4%E5%BA%A6%E6%8B%9B%E7%94%9F%E7%B0%A1%E7%AB%A0.pdf,06-7942031#31,
麻豆區,公幼,安業國小附設幼兒園,,,,,,https://kid.tn.edu.tw/KidsAll/PDF/%E5%AE%89%E6%A5%AD%E5%9C%8B%E5%B0%8F%E9%99%84%E8%A8%AD%E5%B9%BC%E5%85%92%E5%9C%92114%E5%AD%B8%E5%B9%B4%E5%BA%A6%E6%8B%9B%E7%94%9F%E7%B0%A1%E7%AB%A0.pdf,06-5716761,
麻豆區,公幼,麻豆國小附設幼兒園,,,,,,https://kid.tn.edu.tw/KidsAll/PDF/%E9%BA%BB%E8%B1%86%E5%9C%8B%E5%B0%8F%E9%99%84%E8%A8%AD%E5%B9%BC%E5%85%92%E5%9C%92114%E5%AD%B8%E5%B9%B4%E5%BA%A6%E6%8B%9B%E7%94%9F%E7%B0%A1%E7%AB%A0.pdf,06-5722145#510,
麻豆區,公幼,文正國小附設幼兒園,,,,,,https://kid.tn.edu.tw/KidsAll/PDF/%E6%96%87%E6%AD%A3%E5%9C%8B%E5%B0%8F%E9%99%84%E8%A8%AD%E5%B9%BC%E5%85%92%E5%9C%92114%E5%AD%B8%E5%B9%B4%E5%BA%A6%E6%8B%9B%E7%94%9F%E7%B0%A1%E7%AB%A0.pdf,06-5722168#71,
麻豆區,公幼,北勢國小附設幼兒園,,,,,,https://kid.tn.edu.tw/KidsAll/PDF/%E5%8C%97%E5%8B%A2%E5%9C%8B%E5%B0%8F%E9%99%84%E8%A8%AD%E5%B9%BC%E5%85%92%E5%9C%92114%E5%AD%B8%E5%B9%B4%E5%BA%A6%E6%8B%9B%E7%94%9F%E7%B0%A1%E7%AB%A0.pdf,06-5722844#701,
麻豆區,公幼,大山國小附設幼兒園,,,,,,https://kid.tn.edu.tw/KidsAll/PDF/%E5%A4%A7%E5%B1%B1%E5%9C%8B%E5%B0%8F%E9%99%84%E8%A8%AD%E5%B9%BC%E5%85%92%E5%9C%92114%E5%AD%B8%E5%B9%B4%E5%BA%A6%E6%8B%9B%E7%94%9F%E7%B0%A1%E7%AB%A0.pdf,06-5704463,
麻豆區,公幼,培文國小附設幼兒園,,,,,,https://kid.tn.edu.tw/KidsAll/PDF/%E5%9F%B9%E6%96%87%E5%9C%8B%E5%B0%8F%E9%99%84%E8%A8%AD%E5%B9%BC%E5%85%92%E5%9C%92114%E5%AD%B8%E5%B9%B4%E5%BA%A6%E6%8B%9B%E7%94%9F%E7%B0%A1%E7%AB%A0.pdf,06-5720321,
麻豆區,公幼,臺南市立麻豆幼兒園,,,,,,https://kid.tn.edu.tw/KidsAll/PDF/%E8%87%BA%E5%8D%97%E5%B8%82%E7%AB%8B%E9%BA%BB%E8%B1%86%E5%B9%BC%E5%85%92%E5%9C%92114%E5%AD%B8%E5%B9%B4%E5%BA%A6%E6%8B%9B%E7%94%9F%E7%B0%A1%E7%AB%A0.pdf,06-5715893,
麻豆區,公幼,紀安國小附設幼兒園,,,,,,https://kid.tn.edu.tw/KidsAll/PDF/%E7%B4%80%E5%AE%89%E5%9C%8B%E5%B0%8F%E9%99%84%E8%A8%AD%E5%B9%BC%E5%85%92%E5%9C%92114%E5%AD%B8%E5%B9%B4%E5%BA%A6%E6%8B%9B%E7%94%9F%E7%B0%A1%E7%AB%A0.pdf,06-5719503,
麻豆區,公幼,港尾國小附設幼兒園,,,,,,https://kid.tn.edu.tw/KidsAll/PDF/%E6%B8%AF%E5%B0%BE%E5%9C%8B%E5%B0%8F%E9%99%84%E8%A8%AD%E5%B9%BC%E5%85%92%E5%9C%92114%E5%AD%B8%E5%B9%B4%E5%BA%A6%E6%8B%9B%E7%94%9F%E7%B0%A1%E7%AB%A0.pdf,06-5701341#107,
麻豆區,非營利,西拉雅非營利幼兒園,,,,,,https://kid.tn.edu.tw/KidsAll/PDF/%E8%A5%BF%E6%8B%89%E9%9B%85%E9%9D%9E%E7%87%9F%E5%88%A9%E5%B9%BC%E5%85%92%E5%9C%92114%E5%AD%B8%E5%B9%B4%E5%BA%A6%E6%8B%9B%E7%94%9F%E7%B0%A1%E7%AB%A0.pdf,06-5711939,
麻豆區,準公共,皮卡丘幼兒園,12,0,1,1,,https://kid.tn.edu.tw/KidsAll/PDF/%E7%9A%AE%E5%8D%A1%E4%B8%98%E5%B9%BC%E5%85%92%E5%9C%92114%E5%AD%B8%E5%B9%B4%E5%BA%A6%E6%8B%9B%E7%94%9F%E7%B0%A1%E7%AB%A0.pdf,06-5726969,
麻豆區,準公共,大地暘光幼兒園,10,15,0,0,,https://kid.tn.edu.tw/KidsAll/PDF/%E5%A4%A7%E5%9C%B0%E6%9A%98%E5%85%89%E5%B9%BC%E5%85%92%E5%9C%92114%E5%AD%B8%E5%B9%B4%E5%BA%A6%E6%8B%9B%E7%94%9F%E7%B0%A1%E7%AB%A0.pdf,06-5700657,
善化區,公幼,善化國小附設幼兒園,,,,,,https://kid.tn.edu.tw/KidsAll/PDF/%E5%96%84%E5%8C%96%E5%9C%8B%E5%B0%8F%E9%99%84%E8%A8%AD%E5%B9%BC%E5%85%92%E5%9C%92114%E5%AD%B8%E5%B9%B4%E5%BA%A6%E6%8B%9B%E7%94%9F%E7%B0%A1%E7%AB%A0.pdf,06-5814176,
善化區,公幼,茄拔國小附設幼兒園,,,,,,https://kid.tn.edu.tw/KidsAll/PDF/%E8%8C%84%E6%8B%94%E5%9C%8B%E5%B0%8F%E9%99%84%E8%A8%AD%E5%B9%BC%E5%85%92%E5%9C%92114%E5%AD%B8%E5%B9%B4%E5%BA%A6%E6%8B%9B%E7%94%9F%E7%B0%A1%E7%AB%A0.pdf,06-5837031#111,
善化區,公幼,善化大同國小附設幼兒園,,,,,,https://kid.tn.edu.tw/KidsAll/PDF/%E5%96%84%E5%8C%96%E5%A4%A7%E5%90%8C%E5%9C%8B%E5%B0%8F%E9%99%84%E8%A8%AD%E5%B9%BC%E5%85%92%E5%9C%92114%E5%AD%B8%E5%B9%B4%E5%BA%A6%E6%8B%9B%E7%94%9F%E7%B0%A1%E7%AB%A0.pdf,06-5837352#107,
善化區,公幼,大成國小附設幼兒園,,,,,,https://kid.tn.edu.tw/KidsAll/PDF/%E5%A4%A7%E6%88%90%E5%9C%8B%E5%B0%8F%E9%99%84%E8%A8%AD%E5%B9%BC%E5%85%92%E5%9C%92114%E5%AD%B8%E5%B9%B4%E5%BA%A6%E6%8B%9B%E7%94%9F%E7%B0%A1%E7%AB%A0.pdf,06-5837520#6101,
善化區,公幼,陽明國小附設幼兒園,,,,,,https://kid.tn.edu.tw/KidsAll/PDF/%E9%99%BD%E6%98%8E%E5%9C%8B%E5%B0%8F%E9%99%84%E8%A8%AD%E5%B9%BC%E5%85%92%E5%9C%92114%E5%AD%B8%E5%B9%B4%E5%BA%A6%E6%8B%9B%E7%94%9F%E7%B0%A1%E7%AB%A0.pdf,06-5817165#110,
善化區,公幼,善糖國小附設幼兒園,,,,,,https://kid.tn.edu.tw/KidsAll/PDF/%E5%96%84%E7%B3%96%E5%9C%8B%E5%B0%8F%E9%99%84%E8%A8%AD%E5%B9%BC%E5%85%92%E5%9C%92114%E5%AD%B8%E5%B9%B4%E5%BA%A6%E6%8B%9B%E7%94%9F%E7%B0%A1%E7%AB%A0.pdf,06-5817304#17,
善化區,公幼,小新國小附設幼兒園,,,,,,https://kid.tn.edu.tw/KidsAll/PDF/%E5%B0%8F%E6%96%B0%E5%9C%8B%E5%B0%8F%E9%99%84%E8%A8%AD%E5%B9%BC%E5%85%92%E5%9C%92114%E5%AD%B8%E5%B9%B4%E5%BA%A6%E6%8B%9B%E7%94%9F%E7%B0%A1%E7%AB%A0.pdf,06-5837019#112,
善化區,公幼,蓮潭國中小附設幼兒園,,,,,,https://kid.tn.edu.tw/KidsAll/PDF/%E8%93%AE%E6%BD%AD%E5%9C%8B%E4%B8%AD%E5%B0%8F%E9%99%84%E8%A8%AD%E5%B9%BC%E5%85%92%E5%9C%92114%E5%AD%B8%E5%B9%B4%E5%BA%A6%E6%8B%9B%E7%94%9F%E7%B0%A1%E7%AB%A0.pdf,06-5837755#3103,
善化區,準公共,知恩幼兒園,30,7,0,3,,https://kid.tn.edu.tw/KidsAll/PDF/%E7%9F%A5%E6%81%A9%E5%B9%BC%E5%85%92%E5%9C%92114%E5%AD%B8%E5%B9%B4%E5%BA%A6%E6%8B%9B%E7%94%9F%E7%B0%A1%E7%AB%A0.pdf,06-5813360,
善化區,準公共,慧慈幼兒園,16,32,6,1,,https://kid.tn.edu.tw/KidsAll/PDF/%E6%85%A7%E6%85%88%E5%B9%BC%E5%85%92%E5%9C%92114%E5%AD%B8%E5%B9%B4%E5%BA%A6%E6%8B%9B%E7%94%9F%E7%B0%A1%E7%AB%A0.pdf,06-5817144,
善化區,準公共,東東幼兒園,21,0,0,0,,https://kid.tn.edu.tw/KidsAll/PDF/%E6%9D%B1%E6%9D%B1%E5%B9%BC%E5%85%92%E5%9C%92114%E5%AD%B8%E5%B9%B4%E5%BA%A6%E6%8B%9B%E7%94%9F%E7%B0%A1%E7%AB%A0.pdf,06-5810988,
善化區,準公共,灣裡街幼兒園,31,17,6,7,,https://kid.tn.edu.tw/KidsAll/PDF/%E7%81%A3%E8%A3%A1%E8%A1%97%E5%B9%BC%E5%85%92%E5%9C%92114%E5%AD%B8%E5%B9%B4%E5%BA%A6%E6%8B%9B%E7%94%9F%E7%B0%A1%E7%AB%A0.pdf,06-5837047,
新化區,公幼,正新國小附設幼兒園,,,,,,https://kid.tn.edu.tw/KidsAll/PDF/%E6%AD%A3%E6%96%B0%E5%9C%8B%E5%B0%8F%E9%99%84%E8%A8%AD%E5%B9%BC%E5%85%92%E5%9C%92114%E5%AD%B8%E5%B9%B4%E5%BA%A6%E6%8B%9B%E7%94%9F%E7%B0%A1%E7%AB%A0.pdf,06-5973113#500,
新化區,公幼,新化國小附設幼兒園,,,,,,https://kid.tn.edu.tw/KidsAll/PDF/%E6%96%B0%E5%8C%96%E5%9C%8B%E5%B0%8F%E9%99%84%E8%A8%AD%E5%B9%BC%E5%85%92%E5%9C%92114%E5%AD%B8%E5%B9%B4%E5%BA%A6%E6%8B%9B%E7%94%9F%E7%B0%A1%E7%AB%A0.pdf,06-5902035#812,
新化區,公幼,那拔國小附設幼兒園,,,,,,https://kid.tn.edu.tw/KidsAll/PDF/%E9%82%A3%E6%8B%94%E5%9C%8B%E5%B0%8F%E9%99%84%E8%A8%AD%E5%B9%BC%E5%85%92%E5%9C%92114%E5%AD%B8%E5%B9%B4%E5%BA%A6%E6%8B%9B%E7%94%9F%E7%B0%A1%E7%AB%A0.pdf,06-5911591#15,
新化區,公幼,大新國小附設幼兒園,,,,,,https://kid.tn.edu.tw/KidsAll/PDF/%E5%A4%A7%E6%96%B0%E5%9C%8B%E5%B0%8F%E9%99%84%E8%A8%AD%E5%B9%BC%E5%85%92%E5%9C%92114%E5%AD%B8%E5%B9%B4%E5%BA%A6%E6%8B%9B%E7%94%9F%E7%B0%A1%E7%AB%A0.pdf,06-5982953#713,
新化區,準公共,新化維妮幼兒園,14,16,19,10,,https://kid.tn.edu.tw/KidsAll/PDF/%E6%96%B0%E5%8C%96%E7%B6%AD%E5%A6%AE%E5%B9%BC%E5%85%92%E5%9C%92114%E5%AD%B8%E5%B9%B4%E5%BA%A6%E6%8B%9B%E7%94%9F%E7%B0%A1%E7%AB%A0.pdf,06-5905676,
新化區,準公共,多芽幼兒園,16,0,0,3,,https://kid.tn.edu.tw/KidsAll/PDF/%E5%A4%9A%E8%8A%BD%E5%B9%BC%E5%85%92%E5%9C%92114%E5%AD%B8%E5%B9%B4%E5%BA%A6%E6%8B%9B%E7%94%9F%E7%B0%A1%E7%AB%A0.pdf,06-5988699,
新化區,準公共,吉姆幼兒園,15,7,7,0,,https://kid.tn.edu.tw/KidsAll/PDF/%E5%90%89%E5%A7%86%E5%B9%BC%E5%85%92%E5%9C%92114%E5%AD%B8%E5%B9%B4%E5%BA%A6%E6%8B%9B%E7%94%9F%E7%B0%A1%E7%AB%A0.pdf,06-5903913,
新化區,準公共,銘幼幼兒園,28,4,4,0,,https://kid.tn.edu.tw/KidsAll/PDF/%E9%8A%98%E5%B9%BC%E5%B9%BC%E5%85%92%E5%9C%92114%E5%AD%B8%E5%B9%B4%E5%BA%A6%E6%8B%9B%E7%94%9F%E7%B0%A1%E7%AB%A0.pdf,06-5985216,
新化區,準公共,育善幼兒園,40,16,5,1,,https://kid.tn.edu.tw/KidsAll/PDF/%E8%82%B2%E5%96%84%E5%B9%BC%E5%85%92%E5%9C%92114%E5%AD%B8%E5%B9%B4%E5%BA%A6%E6%8B%9B%E7%94%9F%E7%B0%A1%E7%AB%A0.pdf,06-5985428,
新化區,準公共,萌芽希望種籽幼兒園,16,7,6,1,,https://kid.tn.edu.tw/KidsAll/PDF/%E8%90%8C%E8%8A%BD%E5%B8%8C%E6%9C%9B%E7%A8%AE%E7%B1%BD%E5%B9%BC%E5%85%92%E5%9C%92114%E5%AD%B8%E5%B9%B4%E5%BA%A6%E6%8B%9B%E7%94%9F%E7%B0%A1%E7%AB%A0.pdf,06-5907850,
新化區,準公共,美士堡幼兒園,70,42,0,30,,https://kid.tn.edu.tw/KidsAll/PDF/%E7%BE%8E%E5%A3%AB%E5%A0%A1%E5%B9%BC%E5%85%92%E5%9C%92114%E5%AD%B8%E5%B9%B4%E5%BA%A6%E6%8B%9B%E7%94%9F%E7%B0%A1%E7%AB%A0.pdf,06-5802099,
新市區,公幼,新市國小附設幼兒園,,,,,,https://kid.tn.edu.tw/KidsAll/PDF/%E6%96%B0%E5%B8%82%E5%9C%8B%E5%B0%8F%E9%99%84%E8%A8%AD%E5%B9%BC%E5%85%92%E5%9C%92114%E5%AD%B8%E5%B9%B4%E5%BA%A6%E6%8B%9B%E7%94%9F%E7%B0%A1%E7%AB%A0.pdf,06-5992895#761,
新市區,公幼,大社國小附設幼兒園,,,,,,https://kid.tn.edu.tw/KidsAll/PDF/%E5%A4%A7%E7%A4%BE%E5%9C%8B%E5%B0%8F%E9%99%84%E8%A8%AD%E5%B9%BC%E5%85%92%E5%9C%92114%E5%AD%B8%E5%B9%B4%E5%BA%A6%E6%8B%9B%E7%94%9F%E7%B0%A1%E7%AB%A0.pdf,06-5991593#818,
新市區,公幼,臺南市立新市幼兒園,,,,,,https://kid.tn.edu.tw/KidsAll/PDF/%E8%87%BA%E5%8D%97%E5%B8%82%E7%AB%8B%E6%96%B0%E5%B8%82%E5%B9%BC%E5%85%92%E5%9C%92114%E5%AD%B8%E5%B9%B4%E5%BA%A6%E6%8B%9B%E7%94%9F%E7%B0%A1%E7%AB%A0.pdf,06-5999840#21,
新市區,非營利,聯苑員工子女非營利幼兒園,,,,,,https://kid.tn.edu.tw/KidsAll/PDF/%E8%81%AF%E8%8B%91%E5%93%A1%E5%B7%A5%E5%AD%90%E5%A5%B3%E9%9D%9E%E7%87%9F%E5%88%A9%E5%B9%BC%E5%85%92%E5%9C%92114%E5%AD%B8%E5%B9%B4%E5%BA%A6%E6%8B%9B%E7%94%9F%E7%B0%A1%E7%AB%A0.pdf,06-5050828,
新市區,非營利,南科管理局非營利幼兒園,,,,,,https://kid.tn.edu.tw/KidsAll/PDF/%E5%8D%97%E7%A7%91%E7%AE%A1%E7%90%86%E5%B1%80%E9%9D%9E%E7%87%9F%E5%88%A9%E5%B9%BC%E5%85%92%E5%9C%92114%E5%AD%B8%E5%B9%B4%E5%BA%A6%E6%8B%9B%E7%94%9F%E7%B0%A1%E7%AB%A0.pdf,06-5053586,
新市區,準公共,蕃茄幼兒園,16,29,0,0,,https://kid.tn.edu.tw/KidsAll/PDF/%E8%95%83%E8%8C%84%E5%B9%BC%E5%85%92%E5%9C%92114%E5%AD%B8%E5%B9%B4%E5%BA%A6%E6%8B%9B%E7%94%9F%E7%B0%A1%E7%AB%A0.pdf,06-5972567,
新市區,準公共,德林國學幼兒園,43,21,7,0,,https://kid.tn.edu.tw/KidsAll/PDF/%E5%BE%B7%E6%9E%97%E5%9C%8B%E5%AD%B8%E5%B9%BC%E5%85%92%E5%9C%92114%E5%AD%B8%E5%B9%B4%E5%BA%A6%E6%8B%9B%E7%94%9F%E7%B0%A1%E7%AB%A0.pdf,06-5896306,
新市區,準公共,心之寶幼兒園,15,2,1,0,,https://kid.tn.edu.tw/KidsAll/PDF/%E5%BF%83%E4%B9%8B%E5%AF%B6%E5%B9%BC%E5%85%92%E5%9C%92114%E5%AD%B8%E5%B9%B4%E5%BA%A6%E6%8B%9B%E7%94%9F%E7%B0%A1%E7%AB%A0.pdf,06-5998100,
新市區,準公共,愛心幼兒園,7,5,1,1,,https://kid.tn.edu.tw/KidsAll/PDF/%E6%84%9B%E5%BF%83%E5%B9%BC%E5%85%92%E5%9C%92114%E5%AD%B8%E5%B9%B4%E5%BA%A6%E6%8B%9B%E7%94%9F%E7%B0%A1%E7%AB%A0.pdf,06-5998635,
新市區,準公共,幼兒佳幼兒園,23,12,7,1,,https://kid.tn.edu.tw/KidsAll/PDF/%E5%B9%BC%E5%85%92%E4%BD%B3%E5%B9%BC%E5%85%92%E5%9C%92114%E5%AD%B8%E5%B9%B4%E5%BA%A6%E6%8B%9B%E7%94%9F%E7%B0%A1%E7%AB%A0.pdf,06-5894928,
新營區,公幼,新營國小附設幼兒園,,,,,,https://kid.tn.edu.tw/KidsAll/PDF/%E6%96%B0%E7%87%9F%E5%9C%8B%E5%B0%8F%E9%99%84%E8%A8%AD%E5%B9%BC%E5%85%92%E5%9C%92114%E5%AD%B8%E5%B9%B4%E5%BA%A6%E6%8B%9B%E7%94%9F%E7%B0%A1%E7%AB%A0.pdf,06-6326109,
新營區,公幼,新民國小附設幼兒園,,,,,,https://kid.tn.edu.tw/KidsAll/PDF/%E6%96%B0%E6%B0%91%E5%9C%8B%E5%B0%8F%E9%99%84%E8%A8%AD%E5%B9%BC%E5%85%92%E5%9C%92114%E5%AD%B8%E5%B9%B4%E5%BA%A6%E6%8B%9B%E7%94%9F%E7%B0%A1%E7%AB%A0.pdf,06-6590541#10,
新營區,公幼,新營新興國小附設幼兒園,,,,,,https://kid.tn.edu.tw/KidsAll/PDF/%E6%96%B0%E7%87%9F%E6%96%B0%E8%88%88%E5%9C%8B%E5%B0%8F%E9%99%84%E8%A8%AD%E5%B9%BC%E5%85%92%E5%9C%92114%E5%AD%B8%E5%B9%B4%E5%BA%A6%E6%8B%9B%E7%94%9F%E7%B0%A1%E7%AB%A0.pdf,06-6523779#208,
新營區,公幼,新進國小附設幼兒園,,,,,,https://kid.tn.edu.tw/KidsAll/PDF/%E6%96%B0%E9%80%B2%E5%9C%8B%E5%B0%8F%E9%99%84%E8%A8%AD%E5%B9%BC%E5%85%92%E5%9C%92114%E5%AD%B8%E5%B9%B4%E5%BA%A6%E6%8B%9B%E7%94%9F%E7%B0%A1%E7%AB%A0.pdf,06-6330651#314,
新營區,公幼,南梓實驗小學附設幼兒園,,,,,,https://kid.tn.edu.tw/KidsAll/PDF/%E5%8D%97%E6%A2%93%E5%AF%A6%E9%A9%97%E5%B0%8F%E5%AD%B8%E9%99%84%E8%A8%AD%E5%B9%BC%E5%85%92%E5%9C%92114%E5%AD%B8%E5%B9%B4%E5%BA%A6%E6%8B%9B%E7%94%9F%E7%B0%A1%E7%AB%A0.pdf,06-6590607#10,
新營區,公幼,土庫國小附設幼兒園,,,,,,https://kid.tn.edu.tw/KidsAll/PDF/%E5%9C%9F%E5%BA%AB%E5%9C%8B%E5%B0%8F%E9%99%84%E8%A8%AD%E5%B9%BC%E5%85%92%E5%9C%92114%E5%AD%B8%E5%B9%B4%E5%BA%A6%E6%8B%9B%E7%94%9F%E7%B0%A1%E7%AB%A0.pdf,06-6362323#127,
新營區,公幼,公誠國小附設幼兒園,,,,,,https://kid.tn.edu.tw/KidsAll/PDF/%E5%85%AC%E8%AA%A0%E5%9C%8B%E5%B0%8F%E9%99%84%E8%A8%AD%E5%B9%BC%E5%85%92%E5%9C%92114%E5%AD%B8%E5%B9%B4%E5%BA%A6%E6%8B%9B%E7%94%9F%E7%B0%A1%E7%AB%A0.pdf,06-6333689,
新營區,公幼,新泰國小附設幼兒園,,,,,,https://kid.tn.edu.tw/KidsAll/PDF/%E6%96%B0%E6%B3%B0%E5%9C%8B%E5%B0%8F%E9%99%84%E8%A8%AD%E5%B9%BC%E5%85%92%E5%9C%92114%E5%AD%B8%E5%B9%B4%E5%BA%A6%E6%8B%9B%E7%94%9F%E7%B0%A1%E7%AB%A0.pdf,06-6330496#705,
新營區,公幼,新生國小附設幼兒園,,,,,,https://kid.tn.edu.tw/KidsAll/PDF/%E6%96%B0%E7%94%9F%E5%9C%8B%E5%B0%8F%E9%99%84%E8%A8%AD%E5%B9%BC%E5%85%92%E5%9C%92114%E5%AD%B8%E5%B9%B4%E5%BA%A6%E6%8B%9B%E7%94%9F%E7%B0%A1%E7%AB%A0.pdf,06-6552524#17,
新營區,非營利,南新非營利幼兒園,,,,,,https://kid.tn.edu.tw/KidsAll/PDF/%E5%8D%97%E6%96%B0%E9%9D%9E%E7%87%9F%E5%88%A9%E5%B9%BC%E5%85%92%E5%9C%92114%E5%AD%B8%E5%B9%B4%E5%BA%A6%E6%8B%9B%E7%94%9F%E7%B0%A1%E7%AB%A0.pdf,06-6560938,
新營區,準公共,大自然幼兒園,15,0,0,0,,https://kid.tn.edu.tw/KidsAll/PDF/%E5%A4%A7%E8%87%AA%E7%84%B6%E5%B9%BC%E5%85%92%E5%9C%92114%E5%AD%B8%E5%B9%B4%E5%BA%A6%E6%8B%9B%E7%94%9F%E7%B0%A1%E7%AB%A0.pdf,06-6564726,
新營區,準公共,哈佛幼兒園,15,13,0,0,,https://kid.tn.edu.tw/KidsAll/PDF/%E5%93%88%E4%BD%9B%E5%B9%BC%E5%85%92%E5%9C%92114%E5%AD%B8%E5%B9%B4%E5%BA%A6%E6%8B%9B%E7%94%9F%E7%B0%A1%E7%AB%A0.pdf,06-6569481,
新營區,準公共,哈佛幼兒園育德分班,15,0,0,0,,https://kid.tn.edu.tw/KidsAll/PDF/%E5%93%88%E4%BD%9B%E5%B9%BC%E5%85%92%E5%9C%92%E8%82%B2%E5%BE%B7%E5%88%86%E7%8F%AD114%E5%AD%B8%E5%B9%B4%E5%BA%A6%E6%8B%9B%E7%94%9F%E7%B0%A1%E7%AB%A0.pdf,06-6569481,
新營區,準公共,大臺南婦女會附設幼兒園,15,4,0,0,,https://kid.tn.edu.tw/KidsAll/PDF/%E5%A4%A7%E8%87%BA%E5%8D%97%E5%A9%A6%E5%A5%B3%E6%9C%83%E9%99%84%E8%A8%AD%E5%B9%BC%E5%85%92%E5%9C%92114%E5%AD%B8%E5%B9%B4%E5%BA%A6%E6%8B%9B%E7%94%9F%E7%B0%A1%E7%AB%A0.pdf,06-6569016,
新營區,準公共,小天星幼兒園,48,32,4,5,,https://kid.tn.edu.tw/KidsAll/PDF/%E5%B0%8F%E5%A4%A9%E6%98%9F%E5%B9%BC%E5%85%92%E5%9C%92114%E5%AD%B8%E5%B9%B4%E5%BA%A6%E6%8B%9B%E7%94%9F%E7%B0%A1%E7%AB%A0.pdf,06-6373151,
新營區,準公共,愛群幼兒園,12,4,0,0,,https://kid.tn.edu.tw/KidsAll/PDF/%E6%84%9B%E7%BE%A4%E5%B9%BC%E5%85%92%E5%9C%92114%E5%AD%B8%E5%B9%B4%E5%BA%A6%E6%8B%9B%E7%94%9F%E7%B0%A1%E7%AB%A0.pdf,06-6572988,
楠西區,公幼,楠西國小附設幼兒園,,,,,,https://kid.tn.edu.tw/KidsAll/PDF/%E6%A5%A0%E8%A5%BF%E5%9C%8B%E5%B0%8F%E9%99%84%E8%A8%AD%E5%B9%BC%E5%85%92%E5%9C%92114%E5%AD%B8%E5%B9%B4%E5%BA%A6%E6%8B%9B%E7%94%9F%E7%B0%A1%E7%AB%A0.pdf,06-5754495,
楠西區,準公共,佳安幼兒園,31,4,4,4,,https://kid.tn.edu.tw/KidsAll/PDF/%E4%BD%B3%E5%AE%89%E5%B9%BC%E5%85%92%E5%9C%92114%E5%AD%B8%E5%B9%B4%E5%BA%A6%E6%8B%9B%E7%94%9F%E7%B0%A1%E7%AB%A0.pdf,06-5751626,
楠西區,準公共,吉兒堡幼兒園,7,8,4,1,,https://kid.tn.edu.tw/KidsAll/PDF/%E5%90%89%E5%85%92%E5%A0%A1%E5%B9%BC%E5%85%92%E5%9C%92114%E5%AD%B8%E5%B9%B4%E5%BA%A6%E6%8B%9B%E7%94%9F%E7%B0%A1%E7%AB%A0.pdf,06-5752297,
學甲區,公幼,學甲國小附設幼兒園,,,,,,https://kid.tn.edu.tw/KidsAll/PDF/%E5%AD%B8%E7%94%B2%E5%9C%8B%E5%B0%8F%E9%99%84%E8%A8%AD%E5%B9%BC%E5%85%92%E5%9C%92114%E5%AD%B8%E5%B9%B4%E5%BA%A6%E6%8B%9B%E7%94%9F%E7%B0%A1%E7%AB%A0.pdf,06-7833220#127,
學甲區,公幼,東陽國小附設幼兒園,,,,,,https://kid.tn.edu.tw/KidsAll/PDF/%E6%9D%B1%E9%99%BD%E5%9C%8B%E5%B0%8F%E9%99%84%E8%A8%AD%E5%B9%BC%E5%85%92%E5%9C%92114%E5%AD%B8%E5%B9%B4%E5%BA%A6%E6%8B%9B%E7%94%9F%E7%B0%A1%E7%AB%A0.pdf,06-7833322#702,
學甲區,公幼,臺南市立學甲幼兒園,,,,,,https://kid.tn.edu.tw/KidsAll/PDF/%E8%87%BA%E5%8D%97%E5%B8%82%E7%AB%8B%E5%AD%B8%E7%94%B2%E5%B9%BC%E5%85%92%E5%9C%92114%E5%AD%B8%E5%B9%B4%E5%BA%A6%E6%8B%9B%E7%94%9F%E7%B0%A1%E7%AB%A0.pdf,06-7832273#301,
學甲區,公幼,宅港國小附設幼兒園,,,,,,https://kid.tn.edu.tw/KidsAll/PDF/%E5%AE%85%E6%B8%AF%E5%9C%8B%E5%B0%8F%E9%99%84%E8%A8%AD%E5%B9%BC%E5%85%92%E5%9C%92114%E5%AD%B8%E5%B9%B4%E5%BA%A6%E6%8B%9B%E7%94%9F%E7%B0%A1%E7%AB%A0.pdf,06-7833227#27,
學甲區,公幼,中洲國小附設幼兒園,,,,,,https://kid.tn.edu.tw/KidsAll/PDF/%E4%B8%AD%E6%B4%B2%E5%9C%8B%E5%B0%8F%E9%99%84%E8%A8%AD%E5%B9%BC%E5%85%92%E5%9C%92114%E5%AD%B8%E5%B9%B4%E5%BA%A6%E6%8B%9B%E7%94%9F%E7%B0%A1%E7%AB%A0.pdf,06-7833214#302,
學甲區,公幼,頂洲國小附設幼兒園,,,,,,https://kid.tn.edu.tw/KidsAll/PDF/%E9%A0%82%E6%B4%B2%E5%9C%8B%E5%B0%8F%E9%99%84%E8%A8%AD%E5%B9%BC%E5%85%92%E5%9C%92114%E5%AD%B8%E5%B9%B4%E5%BA%A6%E6%8B%9B%E7%94%9F%E7%B0%A1%E7%AB%A0.pdf,06-7810231#34,
學甲區,非營利,慈母非營利幼兒園,,,,,,https://kid.tn.edu.tw/KidsAll/PDF/%E6%85%88%E6%AF%8D%E9%9D%9E%E7%87%9F%E5%88%A9%E5%B9%BC%E5%85%92%E5%9C%92114%E5%AD%B8%E5%B9%B4%E5%BA%A6%E6%8B%9B%E7%94%9F%E7%B0%A1%E7%AB%A0.pdf,06-7835953,
學甲區,準公共,法源幼兒園,16,0,0,1,,https://kid.tn.edu.tw/KidsAll/PDF/%E6%B3%95%E6%BA%90%E5%B9%BC%E5%85%92%E5%9C%92114%E5%AD%B8%E5%B9%B4%E5%BA%A6%E6%8B%9B%E7%94%9F%E7%B0%A1%E7%AB%A0.pdf,06-7835703,
龍崎區,公幼,龍崎國小附設幼兒園,,,,,,https://kid.tn.edu.tw/KidsAll/PDF/%E9%BE%8D%E5%B4%8E%E5%9C%8B%E5%B0%8F%E9%99%84%E8%A8%AD%E5%B9%BC%E5%85%92%E5%9C%92114%E5%AD%B8%E5%B9%B4%E5%BA%A6%E6%8B%9B%E7%94%9F%E7%B0%A1%E7%AB%A0.pdf,06-5941204#21,
歸仁區,公幼,大潭國小附設幼兒園,,,,,,https://kid.tn.edu.tw/KidsAll/PDF/%E5%A4%A7%E6%BD%AD%E5%9C%8B%E5%B0%8F%E9%99%84%E8%A8%AD%E5%B9%BC%E5%85%92%E5%9C%92114%E5%AD%B8%E5%B9%B4%E5%BA%A6%E6%8B%9B%E7%94%9F%E7%B0%A1%E7%AB%A0.pdf,06-2781953#201,
歸仁區,公幼,歸仁國小附設幼兒園,,,,,,https://kid.tn.edu.tw/KidsAll/PDF/%E6%AD%B8%E4%BB%81%E5%9C%8B%E5%B0%8F%E9%99%84%E8%A8%AD%E5%B9%BC%E5%85%92%E5%9C%92114%E5%AD%B8%E5%B9%B4%E5%BA%A6%E6%8B%9B%E7%94%9F%E7%B0%A1%E7%AB%A0.pdf,06-3304761,
歸仁區,公幼,保西國小附設幼兒園,,,,,,https://kid.tn.edu.tw/KidsAll/PDF/%E4%BF%9D%E8%A5%BF%E5%9C%8B%E5%B0%8F%E9%99%84%E8%A8%AD%E5%B9%BC%E5%85%92%E5%9C%92114%E5%AD%B8%E5%B9%B4%E5%BA%A6%E6%8B%9B%E7%94%9F%E7%B0%A1%E7%AB%A0.pdf,06-2309683#701,
歸仁區,公幼,臺南市立歸仁幼兒園,,,,,,https://kid.tn.edu.tw/KidsAll/PDF/%E8%87%BA%E5%8D%97%E5%B8%82%E7%AB%8B%E6%AD%B8%E4%BB%81%E5%B9%BC%E5%85%92%E5%9C%92114%E5%AD%B8%E5%B9%B4%E5%BA%A6%E6%8B%9B%E7%94%9F%E7%B0%A1%E7%AB%A0.pdf,06-3308278,
歸仁區,公幼,歸南國小附設幼兒園,,,,,,https://kid.tn.edu.tw/KidsAll/PDF/%E6%AD%B8%E5%8D%97%E5%9C%8B%E5%B0%8F%E9%99%84%E8%A8%AD%E5%B9%BC%E5%85%92%E5%9C%92114%E5%AD%B8%E5%B9%B4%E5%BA%A6%E6%8B%9B%E7%94%9F%E7%B0%A1%E7%AB%A0.pdf,06-2304930#733,
歸仁區,公幼,文化國小附設幼兒園,,,,,,https://kid.tn.edu.tw/KidsAll/PDF/%E6%96%87%E5%8C%96%E5%9C%8B%E5%B0%8F%E9%99%84%E8%A8%AD%E5%B9%BC%E5%85%92%E5%9C%92114%E5%AD%B8%E5%B9%B4%E5%BA%A6%E6%8B%9B%E7%94%9F%E7%B0%A1%E7%AB%A0.pdf,06-3301666#120,
歸仁區,公幼,沙崙高中附設幼兒園,,,,,,https://kid.tn.edu.tw/KidsAll/PDF/%E6%B2%99%E5%B4%99%E9%AB%98%E4%B8%AD%E9%99%84%E8%A8%AD%E5%B9%BC%E5%85%92%E5%9C%92114%E5%AD%B8%E5%B9%B4%E5%BA%A6%E6%8B%9B%E7%94%9F%E7%B0%A1%E7%AB%A0.pdf,06-3032062#745,
歸仁區,準公共,新才華幼兒園,22,3,3,0,,https://kid.tn.edu.tw/KidsAll/PDF/%E6%96%B0%E6%89%8D%E8%8F%AF%E5%B9%BC%E5%85%92%E5%9C%92114%E5%AD%B8%E5%B9%B4%E5%BA%A6%E6%8B%9B%E7%94%9F%E7%B0%A1%E7%AB%A0.pdf,06-3305672,
歸仁區,準公共,至善幼兒園,44,55,0,0,,https://kid.tn.edu.tw/KidsAll/PDF/%E8%87%B3%E5%96%84%E5%B9%BC%E5%85%92%E5%9C%92114%E5%AD%B8%E5%B9%B4%E5%BA%A6%E6%8B%9B%E7%94%9F%E7%B0%A1%E7%AB%A0.pdf,06-2304455,
歸仁區,準公共,媬能幼兒園,10,4,0,0,,https://kid.tn.edu.tw/KidsAll/PDF/%E5%AA%AC%E8%83%BD%E5%B9%BC%E5%85%92%E5%9C%92114%E5%AD%B8%E5%B9%B4%E5%BA%A6%E6%8B%9B%E7%94%9F%E7%B0%A1%E7%AB%A0.pdf,06-3309199,
歸仁區,準公共,至美幼兒園,17,8,6,0,,https://kid.tn.edu.tw/KidsAll/PDF/%E8%87%B3%E7%BE%8E%E5%B9%BC%E5%85%92%E5%9C%92114%E5%AD%B8%E5%B9%B4%E5%BA%A6%E6%8B%9B%E7%94%9F%E7%B0%A1%E7%AB%A0.pdf,06-3308558,
歸仁區,準公共,吉尼斯幼兒園,48,24,0,0,,https://kid.tn.edu.tw/KidsAll/PDF/%E5%90%89%E5%B0%BC%E6%96%AF%E5%B9%BC%E5%85%92%E5%9C%92114%E5%AD%B8%E5%B9%B4%E5%BA%A6%E6%8B%9B%E7%94%9F%E7%B0%A1%E7%AB%A0.pdf,06-3300708,
歸仁區,準公共,中美幼兒園,0,0,0,0,,https://kid.tn.edu.tw/KidsAll/PDF/%E4%B8%AD%E7%BE%8E%E5%B9%BC%E5%85%92%E5%9C%92114%E5%AD%B8%E5%B9%B4%E5%BA%A6%E6%8B%9B%E7%94%9F%E7%B0%A1%E7%AB%A0.pdf,06-3307731,
歸仁區,準公共,仁愛幼兒園,22,11,9,10,,https://kid.tn.edu.tw/KidsAll/PDF/%E4%BB%81%E6%84%9B%E5%B9%BC%E5%85%92%E5%9C%92114%E5%AD%B8%E5%B9%B4%E5%BA%A6%E6%8B%9B%E7%94%9F%E7%B0%A1%E7%AB%A0.pdf,06-3303222,
關廟區,公幼,關廟國小附設幼兒園,,,,,,https://kid.tn.edu.tw/KidsAll/PDF/%E9%97%9C%E5%BB%9F%E5%9C%8B%E5%B0%8F%E9%99%84%E8%A8%AD%E5%B9%BC%E5%85%92%E5%9C%92114%E5%AD%B8%E5%B9%B4%E5%BA%A6%E6%8B%9B%E7%94%9F%E7%B0%A1%E7%AB%A0.pdf,06-5965564,
關廟區,公幼,五甲國小附設幼兒園,,,,,,https://kid.tn.edu.tw/KidsAll/PDF/%E4%BA%94%E7%94%B2%E5%9C%8B%E5%B0%8F%E9%99%84%E8%A8%AD%E5%B9%BC%E5%85%92%E5%9C%92114%E5%AD%B8%E5%B9%B4%E5%BA%A6%E6%8B%9B%E7%94%9F%E7%B0%A1%E7%AB%A0.pdf,06-5952155#201,
關廟區,公幼,文和實驗小學附設幼兒園,,,,,,https://kid.tn.edu.tw/KidsAll/PDF/%E6%96%87%E5%92%8C%E5%AF%A6%E9%A9%97%E5%B0%8F%E5%AD%B8%E9%99%84%E8%A8%AD%E5%B9%BC%E5%85%92%E5%9C%92114%E5%AD%B8%E5%B9%B4%E5%BA%A6%E6%8B%9B%E7%94%9F%E7%B0%A1%E7%AB%A0.pdf,06-5551937#27,
關廟區,公幼,崇和國小附設幼兒園,,,,,,https://kid.tn.edu.tw/KidsAll/PDF/%E5%B4%87%E5%92%8C%E5%9C%8B%E5%B0%8F%E9%99%84%E8%A8%AD%E5%B9%BC%E5%85%92%E5%9C%92114%E5%AD%B8%E5%B9%B4%E5%BA%A6%E6%8B%9B%E7%94%9F%E7%B0%A1%E7%AB%A0.pdf,06-5551040#30,
關廟區,公幼,臺南市立關廟幼兒園,,,,,,https://kid.tn.edu.tw/KidsAll/PDF/%E8%87%BA%E5%8D%97%E5%B8%82%E7%AB%8B%E9%97%9C%E5%BB%9F%E5%B9%BC%E5%85%92%E5%9C%92114%E5%AD%B8%E5%B9%B4%E5%BA%A6%E6%8B%9B%E7%94%9F%E7%B0%A1%E7%AB%A0.pdf,06-5956998,
關廟區,公幼,深坑國小附設幼兒園,,,,,,https://kid.tn.edu.tw/KidsAll/PDF/%E6%B7%B1%E5%9D%91%E5%9C%8B%E5%B0%8F%E9%99%84%E8%A8%AD%E5%B9%BC%E5%85%92%E5%9C%92114%E5%AD%B8%E5%B9%B4%E5%BA%A6%E6%8B%9B%E7%94%9F%E7%B0%A1%E7%AB%A0.pdf,06-5952409#201,
關廟區,公幼,保東國小附設幼兒園,,,,,,https://kid.tn.edu.tw/KidsAll/PDF/%E4%BF%9D%E6%9D%B1%E5%9C%8B%E5%B0%8F%E9%99%84%E8%A8%AD%E5%B9%BC%E5%85%92%E5%9C%92114%E5%AD%B8%E5%B9%B4%E5%BA%A6%E6%8B%9B%E7%94%9F%E7%B0%A1%E7%AB%A0.pdf,06-5952344#227,
關廟區,準公共,安格堡幼兒園,16,32,1,0,,https://kid.tn.edu.tw/KidsAll/PDF/%E5%AE%89%E6%A0%BC%E5%A0%A1%E5%B9%BC%E5%85%92%E5%9C%92114%E5%AD%B8%E5%B9%B4%E5%BA%A6%E6%8B%9B%E7%94%9F%E7%B0%A1%E7%AB%A0.pdf,06-5951100,
關廟區,準公共,正大幼兒園,15,0,0,0,,https://kid.tn.edu.tw/KidsAll/PDF/%E6%AD%A3%E5%A4%A7%E5%B9%BC%E5%85%92%E5%9C%92114%E5%AD%B8%E5%B9%B4%E5%BA%A6%E6%8B%9B%E7%94%9F%E7%B0%A1%E7%AB%A0.pdf,06-5956906,
鹽水區,公幼,鹽水國小附設幼兒園,,,,,,https://kid.tn.edu.tw/KidsAll/PDF/%E9%B9%BD%E6%B0%B4%E5%9C%8B%E5%B0%8F%E9%99%84%E8%A8%AD%E5%B9%BC%E5%85%92%E5%9C%92114%E5%AD%B8%E5%B9%B4%E5%BA%A6%E6%8B%9B%E7%94%9F%E7%B0%A1%E7%AB%A0.pdf,06-6528217#10,
鹽水區,公幼,歡雅國小附設幼兒園,,,,,,https://kid.tn.edu.tw/KidsAll/PDF/%E6%AD%A1%E9%9B%85%E5%9C%8B%E5%B0%8F%E9%99%84%E8%A8%AD%E5%B9%BC%E5%85%92%E5%9C%92114%E5%AD%B8%E5%B9%B4%E5%BA%A6%E6%8B%9B%E7%94%9F%E7%B0%A1%E7%AB%A0.pdf,06-6552558#701,
鹽水區,公幼,坔頭港國小附設幼兒園,,,,,,https://kid.tn.edu.tw/KidsAll/PDF/%E5%9D%94%E9%A0%AD%E6%B8%AF%E5%9C%8B%E5%B0%8F%E9%99%84%E8%A8%AD%E5%B9%BC%E5%85%92%E5%9C%92114%E5%AD%B8%E5%B9%B4%E5%BA%A6%E6%8B%9B%E7%94%9F%E7%B0%A1%E7%AB%A0.pdf,06-6892014#10,
鹽水區,公幼,岸內國小附設幼兒園,,,,,,https://kid.tn.edu.tw/KidsAll/PDF/%E5%B2%B8%E5%85%A7%E5%9C%8B%E5%B0%8F%E9%99%84%E8%A8%AD%E5%B9%BC%E5%85%92%E5%9C%92114%E5%AD%B8%E5%B9%B4%E5%BA%A6%E6%8B%9B%E7%94%9F%E7%B0%A1%E7%AB%A0.pdf,06-6520651,
鹽水區,公幼,文昌國小附設幼兒園,,,,,,https://kid.tn.edu.tw/KidsAll/PDF/%E6%96%87%E6%98%8C%E5%9C%8B%E5%B0%8F%E9%99%84%E8%A8%AD%E5%B9%BC%E5%85%92%E5%9C%92114%E5%AD%B8%E5%B9%B4%E5%BA%A6%E6%8B%9B%E7%94%9F%E7%B0%A1%E7%AB%A0.pdf,06-6522664#10,
鹽水區,公幼,月津國小附設幼兒園,,,,,,https://kid.tn.edu.tw/KidsAll/PDF/%E6%9C%88%E6%B4%A5%E5%9C%8B%E5%B0%8F%E9%99%84%E8%A8%AD%E5%B9%BC%E5%85%92%E5%9C%92114%E5%AD%B8%E5%B9%B4%E5%BA%A6%E6%8B%9B%E7%94%9F%E7%B0%A1%E7%AB%A0.pdf,06-6521061,
鹽水區,公幼,竹埔國小附設幼兒園,,,,,,https://kid.tn.edu.tw/KidsAll/PDF/%E7%AB%B9%E5%9F%94%E5%9C%8B%E5%B0%8F%E9%99%84%E8%A8%AD%E5%B9%BC%E5%85%92%E5%9C%92114%E5%AD%B8%E5%B9%B4%E5%BA%A6%E6%8B%9B%E7%94%9F%E7%B0%A1%E7%AB%A0.pdf,06-6551700,
鹽水區,公幼,仁光國小附設幼兒園,,,,,,https://kid.tn.edu.tw/KidsAll/PDF/%E4%BB%81%E5%85%89%E5%9C%8B%E5%B0%8F%E9%99%84%E8%A8%AD%E5%B9%BC%E5%85%92%E5%9C%92114%E5%AD%B8%E5%B9%B4%E5%BA%A6%E6%8B%9B%E7%94%9F%E7%B0%A1%E7%AB%A0.pdf,06-6523620#27,
鹽水區,準公共,新育人幼兒園,7,0,0,0,,https://kid.tn.edu.tw/KidsAll/PDF/%E6%96%B0%E8%82%B2%E4%BA%BA%E5%B9%BC%E5%85%92%E5%9C%92114%E5%AD%B8%E5%B9%B4%E5%BA%A6%E6%8B%9B%E7%94%9F%E7%B0%A1%E7%AB%A0.pdf,06-6529315,
